mechanism,band,environment,condition,bandwidth_mhz,test_number,reference_load_per_sta_mbps,reference_load_aggregate_mbps,reference_load_source,tcp_achieved_sender_mbps,tcp_achieved_receiver_mbps,tcp_sender_as_pct_of_reference,tcp_receiver_as_pct_of_reference,udp_offered_sender_mbps,udp_achieved_receiver_mbps,udp_reported_jitter_ms,udp_reported_loss_pct,ffmpeg_target_rate_mbps,udp_ffmpeg_difference_pct,load_resolution_status,load_resolution_note,configuration_name,operating_mode,global_results_dir
iPCF2,24GHz,CamAne,SN,20,1,10.0,20.0,iperf3_udp_sender,10.0,10.0,100.0,100.0,10.0,10.0,0.818,0.0,10.0,0.0,OK_UDP_FFMPEG_MATCH,Reference load taken from rate-controlled UDP sender summary (10 Mbps/STA). ffmpeg target=10 Mbps/STA; difference=0.000% <= tolerance 2.000%. TCP is retained as achieved throughput and is not required to match the reference load.,iPCF2_24GHz_CamAne_SN_BW20MHz,iPCF2_ON,C:\Users\rarriaga\Documents\ipcf_2 analisis\ALL_SN_RESULTS_FINAL\per_configuration\iPCF2_24GHz_CamAne_SN_BW20MHz
iPCF2,24GHz,CamAne,SN,20,4,20.0,40.0,iperf3_udp_sender,13.5,13.5,67.5,67.5,20.0,20.0,0.624,0.0,20.0,0.0,OK_UDP_FFMPEG_MATCH,Reference load taken from rate-controlled UDP sender summary (20 Mbps/STA). ffmpeg target=20 Mbps/STA; difference=0.000% <= tolerance 2.000%. TCP is retained as achieved throughput and is not required to match the reference load.,iPCF2_24GHz_CamAne_SN_BW20MHz,iPCF2_ON,C:\Users\rarriaga\Documents\ipcf_2 analisis\ALL_SN_RESULTS_FINAL\per_configuration\iPCF2_24GHz_CamAne_SN_BW20MHz
iPCF2,24GHz,CamAne,SN,20,6,30.0,60.0,iperf3_udp_sender,9.16,9.15,30.533333333333335,30.5,30.0,29.9,0.413,0.22,30.0,0.0,OK_UDP_FFMPEG_MATCH,Reference load taken from rate-controlled UDP sender summary (30 Mbps/STA). ffmpeg target=30 Mbps/STA; difference=0.000% <= tolerance 2.000%. TCP is retained as achieved throughput and is not required to match the reference load.,iPCF2_24GHz_CamAne_SN_BW20MHz,iPCF2_ON,C:\Users\rarriaga\Documents\ipcf_2 analisis\ALL_SN_RESULTS_FINAL\per_configuration\iPCF2_24GHz_CamAne_SN_BW20MHz
iPCF2,24GHz,CamAne,SN,20,7,40.0,80.0,iperf3_udp_sender,8.03,7.97,20.074999999999996,19.925,40.0,24.6,0.259,38.0,40.0,0.0,OK_UDP_FFMPEG_MATCH,Reference load taken from rate-controlled UDP sender summary (40 Mbps/STA). ffmpeg target=40 Mbps/STA; difference=0.000% <= tolerance 2.000%. TCP is retained as achieved throughput and is not required to match the reference load.,iPCF2_24GHz_CamAne_SN_BW20MHz,iPCF2_ON,C:\Users\rarriaga\Documents\ipcf_2 analisis\ALL_SN_RESULTS_FINAL\per_configuration\iPCF2_24GHz_CamAne_SN_BW20MHz
iPCF2,24GHz,CamAne,SN,40,1,10.0,20.0,iperf3_udp_sender,10.0,10.0,100.0,100.0,10.0,10.0,0.925,0.0,10.0,0.0,OK_UDP_FFMPEG_MATCH,Reference load taken from rate-controlled UDP sender summary (10 Mbps/STA). ffmpeg target=10 Mbps/STA; difference=0.000% <= tolerance 2.000%. TCP is retained as achieved throughput and is not required to match the reference load.,iPCF2_24GHz_CamAne_SN_BW40MHz,iPCF2_ON,C:\Users\rarriaga\Documents\ipcf_2 analisis\ALL_SN_RESULTS_FINAL\per_configuration\iPCF2_24GHz_CamAne_SN_BW40MHz
iPCF2,24GHz,CamAne,SN,40,2,20.0,40.0,iperf3_udp_sender,20.0,20.0,100.0,100.0,20.0,20.0,0.613,0.0,20.0,0.0,OK_UDP_FFMPEG_MATCH,Reference load taken from rate-controlled UDP sender summary (20 Mbps/STA). ffmpeg target=20 Mbps/STA; difference=0.000% <= tolerance 2.000%. TCP is retained as achieved throughput and is not required to match the reference load.,iPCF2_24GHz_CamAne_SN_BW40MHz,iPCF2_ON,C:\Users\rarriaga\Documents\ipcf_2 analisis\ALL_SN_RESULTS_FINAL\per_configuration\iPCF2_24GHz_CamAne_SN_BW40MHz
iPCF2,24GHz,CamAne,SN,40,3,40.0,80.0,iperf3_udp_sender,40.0,40.0,100.0,100.0,40.0,40.0,0.332,0.0,40.0,0.0,OK_UDP_FFMPEG_MATCH,Reference load taken from rate-controlled UDP sender summary (40 Mbps/STA). ffmpeg target=40 Mbps/STA; difference=0.000% <= tolerance 2.000%. TCP is retained as achieved throughput and is not required to match the reference load.,iPCF2_24GHz_CamAne_SN_BW40MHz,iPCF2_ON,C:\Users\rarriaga\Documents\ipcf_2 analisis\ALL_SN_RESULTS_FINAL\per_configuration\iPCF2_24GHz_CamAne_SN_BW40MHz
iPCF2,24GHz,CamAne,SN,40,4,60.0,120.0,iperf3_udp_sender,35.8,35.6,59.66666666666666,59.333333333333336,60.0,59.3,0.273,1.2,60.0,0.0,OK_UDP_FFMPEG_MATCH,Reference load taken from rate-controlled UDP sender summary (60 Mbps/STA). ffmpeg target=60 Mbps/STA; difference=0.000% <= tolerance 2.000%. TCP is retained as achieved throughput and is not required to match the reference load.,iPCF2_24GHz_CamAne_SN_BW40MHz,iPCF2_ON,C:\Users\rarriaga\Documents\ipcf_2 analisis\ALL_SN_RESULTS_FINAL\per_configuration\iPCF2_24GHz_CamAne_SN_BW40MHz
iPCF2,24GHz,CamAne,SN,40,5,80.0,160.0,iperf3_udp_sender,37.5,37.3,46.875,46.62499999999999,80.0,55.5,0.208,30.0,80.0,0.0,OK_UDP_FFMPEG_MATCH,Reference load taken from rate-controlled UDP sender summary (80 Mbps/STA). ffmpeg target=80 Mbps/STA; difference=0.000% <= tolerance 2.000%. TCP is retained as achieved throughput and is not required to match the reference load.,iPCF2_24GHz_CamAne_SN_BW40MHz,iPCF2_ON,C:\Users\rarriaga\Documents\ipcf_2 analisis\ALL_SN_RESULTS_FINAL\per_configuration\iPCF2_24GHz_CamAne_SN_BW40MHz
iPCF2,5GHz,CamAne,SN,20,1,5.0,10.0,iperf3_udp_sender,5.0,5.0,100.0,100.0,5.0,5.0,0.327,0.0,5.0,0.0,OK_UDP_FFMPEG_MATCH,Reference load taken from rate-controlled UDP sender summary (5 Mbps/STA). ffmpeg target=5 Mbps/STA; difference=0.000% <= tolerance 2.000%. TCP is retained as achieved throughput and is not required to match the reference load.,iPCF2_5GHz_CamAne_SN_BW20MHz,iPCF2_ON,C:\Users\rarriaga\Documents\ipcf_2 analisis\ALL_SN_RESULTS_FINAL\per_configuration\iPCF2_5GHz_CamAne_SN_BW20MHz
iPCF2,5GHz,CamAne,SN,20,2,10.0,20.0,iperf3_udp_sender,10.0,10.0,100.0,100.0,10.0,10.0,0.38,0.0,10.0,0.0,OK_UDP_FFMPEG_MATCH,Reference load taken from rate-controlled UDP sender summary (10 Mbps/STA). ffmpeg target=10 Mbps/STA; difference=0.000% <= tolerance 2.000%. TCP is retained as achieved throughput and is not required to match the reference load.,iPCF2_5GHz_CamAne_SN_BW20MHz,iPCF2_ON,C:\Users\rarriaga\Documents\ipcf_2 analisis\ALL_SN_RESULTS_FINAL\per_configuration\iPCF2_5GHz_CamAne_SN_BW20MHz
iPCF2,5GHz,CamAne,SN,20,3,15.0,30.0,iperf3_udp_sender,15.0,15.0,100.0,100.0,15.0,15.0,0.234,0.0,15.0,0.0,OK_UDP_FFMPEG_MATCH,Reference load taken from rate-controlled UDP sender summary (15 Mbps/STA). ffmpeg target=15 Mbps/STA; difference=0.000% <= tolerance 2.000%. TCP is retained as achieved throughput and is not required to match the reference load.,iPCF2_5GHz_CamAne_SN_BW20MHz,iPCF2_ON,C:\Users\rarriaga\Documents\ipcf_2 analisis\ALL_SN_RESULTS_FINAL\per_configuration\iPCF2_5GHz_CamAne_SN_BW20MHz
iPCF2,5GHz,CamAne,SN,20,4,20.0,40.0,iperf3_udp_sender,20.0,20.0,100.0,100.0,20.0,20.0,0.436,0.0,20.0,0.0,OK_UDP_FFMPEG_MATCH,Reference load taken from rate-controlled UDP sender summary (20 Mbps/STA). ffmpeg target=20 Mbps/STA; difference=0.000% <= tolerance 2.000%. TCP is retained as achieved throughput and is not required to match the reference load.,iPCF2_5GHz_CamAne_SN_BW20MHz,iPCF2_ON,C:\Users\rarriaga\Documents\ipcf_2 analisis\ALL_SN_RESULTS_FINAL\per_configuration\iPCF2_5GHz_CamAne_SN_BW20MHz
iPCF2,5GHz,CamAne,SN,20,5,25.0,50.0,iperf3_udp_sender,25.0,25.0,100.0,100.0,25.0,25.0,0.528,0.0,25.0,0.0,OK_UDP_FFMPEG_MATCH,Reference load taken from rate-controlled UDP sender summary (25 Mbps/STA). ffmpeg target=25 Mbps/STA; difference=0.000% <= tolerance 2.000%. TCP is retained as achieved throughput and is not required to match the reference load.,iPCF2_5GHz_CamAne_SN_BW20MHz,iPCF2_ON,C:\Users\rarriaga\Documents\ipcf_2 analisis\ALL_SN_RESULTS_FINAL\per_configuration\iPCF2_5GHz_CamAne_SN_BW20MHz
iPCF2,5GHz,CamAne,SN,20,6,30.0,60.0,iperf3_udp_sender,26.5,26.4,88.33333333333333,88.0,30.0,30.0,0.419,0.0,30.0,0.0,OK_UDP_FFMPEG_MATCH,Reference load taken from rate-controlled UDP sender summary (30 Mbps/STA). ffmpeg target=30 Mbps/STA; difference=0.000% <= tolerance 2.000%. TCP is retained as achieved throughput and is not required to match the reference load.,iPCF2_5GHz_CamAne_SN_BW20MHz,iPCF2_ON,C:\Users\rarriaga\Documents\ipcf_2 analisis\ALL_SN_RESULTS_FINAL\per_configuration\iPCF2_5GHz_CamAne_SN_BW20MHz
iPCF2,5GHz,CamAne,SN,20,7,35.0,70.0,iperf3_udp_sender,26.1,25.9,74.57142857142857,74.0,35.0,35.0,0.461,0.0,35.0,0.0,OK_UDP_FFMPEG_MATCH,Reference load taken from rate-controlled UDP sender summary (35 Mbps/STA). ffmpeg target=35 Mbps/STA; difference=0.000% <= tolerance 2.000%. TCP is retained as achieved throughput and is not required to match the reference load.,iPCF2_5GHz_CamAne_SN_BW20MHz,iPCF2_ON,C:\Users\rarriaga\Documents\ipcf_2 analisis\ALL_SN_RESULTS_FINAL\per_configuration\iPCF2_5GHz_CamAne_SN_BW20MHz
iPCF2,5GHz,CamAne,SN,20,8,40.0,80.0,iperf3_udp_sender,26.8,26.7,67.0,66.75,40.0,35.8,0.344,10.0,40.0,0.0,OK_UDP_FFMPEG_MATCH,Reference load taken from rate-controlled UDP sender summary (40 Mbps/STA). ffmpeg target=40 Mbps/STA; difference=0.000% <= tolerance 2.000%. TCP is retained as achieved throughput and is not required to match the reference load.,iPCF2_5GHz_CamAne_SN_BW20MHz,iPCF2_ON,C:\Users\rarriaga\Documents\ipcf_2 analisis\ALL_SN_RESULTS_FINAL\per_configuration\iPCF2_5GHz_CamAne_SN_BW20MHz
iPCF2,5GHz,CamAne,SN,20,9,45.0,90.0,iperf3_udp_sender,26.5,26.4,58.888888888888886,58.666666666666664,45.0,35.3,1.293,21.0,45.0,0.0,OK_UDP_FFMPEG_MATCH,Reference load taken from rate-controlled UDP sender summary (45 Mbps/STA). ffmpeg target=45 Mbps/STA; difference=0.000% <= tolerance 2.000%. TCP is retained as achieved throughput and is not required to match the reference load.,iPCF2_5GHz_CamAne_SN_BW20MHz,iPCF2_ON,C:\Users\rarriaga\Documents\ipcf_2 analisis\ALL_SN_RESULTS_FINAL\per_configuration\iPCF2_5GHz_CamAne_SN_BW20MHz
iPCF2,5GHz,CamAne,SN,20,10,50.0,100.0,iperf3_udp_sender,26.3,26.1,52.6,52.2,50.0,35.6,1.006,29.0,50.0,0.0,OK_UDP_FFMPEG_MATCH,Reference load taken from rate-controlled UDP sender summary (50 Mbps/STA). ffmpeg target=50 Mbps/STA; difference=0.000% <= tolerance 2.000%. TCP is retained as achieved throughput and is not required to match the reference load.,iPCF2_5GHz_CamAne_SN_BW20MHz,iPCF2_ON,C:\Users\rarriaga\Documents\ipcf_2 analisis\ALL_SN_RESULTS_FINAL\per_configuration\iPCF2_5GHz_CamAne_SN_BW20MHz
iPCF2,5GHz,CamAne,SN,40,1,10.0,20.0,iperf3_udp_sender,10.0,10.0,100.0,100.0,10.0,10.0,0.382,0.0,10.0,0.0,OK_UDP_FFMPEG_MATCH,Reference load taken from rate-controlled UDP sender summary (10 Mbps/STA). ffmpeg target=10 Mbps/STA; difference=0.000% <= tolerance 2.000%. TCP is retained as achieved throughput and is not required to match the reference load.,iPCF2_5GHz_CamAne_SN_BW40MHz,iPCF2_ON,C:\Users\rarriaga\Documents\ipcf_2 analisis\ALL_SN_RESULTS_FINAL\per_configuration\iPCF2_5GHz_CamAne_SN_BW40MHz
iPCF2,5GHz,CamAne,SN,40,2,20.0,40.0,iperf3_udp_sender,20.0,20.0,100.0,100.0,20.0,20.0,0.358,0.0,20.0,0.0,OK_UDP_FFMPEG_MATCH,Reference load taken from rate-controlled UDP sender summary (20 Mbps/STA). ffmpeg target=20 Mbps/STA; difference=0.000% <= tolerance 2.000%. TCP is retained as achieved throughput and is not required to match the reference load.,iPCF2_5GHz_CamAne_SN_BW40MHz,iPCF2_ON,C:\Users\rarriaga\Documents\ipcf_2 analisis\ALL_SN_RESULTS_FINAL\per_configuration\iPCF2_5GHz_CamAne_SN_BW40MHz
iPCF2,5GHz,CamAne,SN,40,3,30.0,60.0,iperf3_udp_sender,30.0,30.0,100.0,100.0,30.0,30.0,0.366,0.0,30.0,0.0,OK_UDP_FFMPEG_MATCH,Reference load taken from rate-controlled UDP sender summary (30 Mbps/STA). ffmpeg target=30 Mbps/STA; difference=0.000% <= tolerance 2.000%. TCP is retained as achieved throughput and is not required to match the reference load.,iPCF2_5GHz_CamAne_SN_BW40MHz,iPCF2_ON,C:\Users\rarriaga\Documents\ipcf_2 analisis\ALL_SN_RESULTS_FINAL\per_configuration\iPCF2_5GHz_CamAne_SN_BW40MHz
iPCF2,5GHz,CamAne,SN,40,4,40.0,80.0,iperf3_udp_sender,40.0,40.0,100.0,100.0,40.0,40.0,0.367,0.0,40.0,0.0,OK_UDP_FFMPEG_MATCH,Reference load taken from rate-controlled UDP sender summary (40 Mbps/STA). ffmpeg target=40 Mbps/STA; difference=0.000% <= tolerance 2.000%. TCP is retained as achieved throughput and is not required to match the reference load.,iPCF2_5GHz_CamAne_SN_BW40MHz,iPCF2_ON,C:\Users\rarriaga\Documents\ipcf_2 analisis\ALL_SN_RESULTS_FINAL\per_configuration\iPCF2_5GHz_CamAne_SN_BW40MHz
iPCF2,5GHz,CamAne,SN,40,5,50.0,100.0,iperf3_udp_sender,50.0,50.0,100.0,100.0,50.0,50.0,0.323,0.0,50.0,0.0,OK_UDP_FFMPEG_MATCH,Reference load taken from rate-controlled UDP sender summary (50 Mbps/STA). ffmpeg target=50 Mbps/STA; difference=0.000% <= tolerance 2.000%. TCP is retained as achieved throughput and is not required to match the reference load.,iPCF2_5GHz_CamAne_SN_BW40MHz,iPCF2_ON,C:\Users\rarriaga\Documents\ipcf_2 analisis\ALL_SN_RESULTS_FINAL\per_configuration\iPCF2_5GHz_CamAne_SN_BW40MHz
iPCF2,5GHz,CamAne,SN,40,6,60.0,120.0,iperf3_udp_sender,58.7,58.6,97.83333333333333,97.66666666666667,60.0,60.0,0.263,0.0,60.0,0.0,OK_UDP_FFMPEG_MATCH,Reference load taken from rate-controlled UDP sender summary (60 Mbps/STA). ffmpeg target=60 Mbps/STA; difference=0.000% <= tolerance 2.000%. TCP is retained as achieved throughput and is not required to match the reference load.,iPCF2_5GHz_CamAne_SN_BW40MHz,iPCF2_ON,C:\Users\rarriaga\Documents\ipcf_2 analisis\ALL_SN_RESULTS_FINAL\per_configuration\iPCF2_5GHz_CamAne_SN_BW40MHz
iPCF2,5GHz,CamAne,SN,40,7,70.0,140.0,iperf3_udp_sender,53.9,53.7,77.0,76.71428571428571,70.0,70.0,0.237,0.0,70.0,0.0,OK_UDP_FFMPEG_MATCH,Reference load taken from rate-controlled UDP sender summary (70 Mbps/STA). ffmpeg target=70 Mbps/STA; difference=0.000% <= tolerance 2.000%. TCP is retained as achieved throughput and is not required to match the reference load.,iPCF2_5GHz_CamAne_SN_BW40MHz,iPCF2_ON,C:\Users\rarriaga\Documents\ipcf_2 analisis\ALL_SN_RESULTS_FINAL\per_configuration\iPCF2_5GHz_CamAne_SN_BW40MHz
iPCF2,5GHz,CamAne,SN,40,8,80.0,160.0,iperf3_udp_sender,56.7,56.5,70.875,70.625,80.0,76.7,0.532,3.4,80.0,0.0,OK_UDP_FFMPEG_MATCH,Reference load taken from rate-controlled UDP sender summary (80 Mbps/STA). ffmpeg target=80 Mbps/STA; difference=0.000% <= tolerance 2.000%. TCP is retained as achieved throughput and is not required to match the reference load.,iPCF2_5GHz_CamAne_SN_BW40MHz,iPCF2_ON,C:\Users\rarriaga\Documents\ipcf_2 analisis\ALL_SN_RESULTS_FINAL\per_configuration\iPCF2_5GHz_CamAne_SN_BW40MHz
iPCF2,5GHz,CamAne,SN,80,1,20.0,40.0,iperf3_udp_sender,20.0,20.0,100.0,100.0,20.0,20.0,0.21,0.0,20.0,0.0,OK_UDP_FFMPEG_MATCH,Reference load taken from rate-controlled UDP sender summary (20 Mbps/STA). ffmpeg target=20 Mbps/STA; difference=0.000% <= tolerance 2.000%. TCP is retained as achieved throughput and is not required to match the reference load.,iPCF2_5GHz_CamAne_SN_BW80MHz,iPCF2_ON,C:\Users\rarriaga\Documents\ipcf_2 analisis\ALL_SN_RESULTS_FINAL\per_configuration\iPCF2_5GHz_CamAne_SN_BW80MHz
iPCF2,5GHz,CamAne,SN,80,2,40.0,80.0,iperf3_udp_sender,40.0,40.0,100.0,100.0,40.0,40.0,0.383,0.0,40.0,0.0,OK_UDP_FFMPEG_MATCH,Reference load taken from rate-controlled UDP sender summary (40 Mbps/STA). ffmpeg target=40 Mbps/STA; difference=0.000% <= tolerance 2.000%. TCP is retained as achieved throughput and is not required to match the reference load.,iPCF2_5GHz_CamAne_SN_BW80MHz,iPCF2_ON,C:\Users\rarriaga\Documents\ipcf_2 analisis\ALL_SN_RESULTS_FINAL\per_configuration\iPCF2_5GHz_CamAne_SN_BW80MHz
iPCF2,5GHz,CamAne,SN,80,3,60.0,120.0,iperf3_udp_sender,60.0,60.0,100.0,100.0,60.0,60.0,0.265,0.0,60.0,0.0,OK_UDP_FFMPEG_MATCH,Reference load taken from rate-controlled UDP sender summary (60 Mbps/STA). ffmpeg target=60 Mbps/STA; difference=0.000% <= tolerance 2.000%. TCP is retained as achieved throughput and is not required to match the reference load.,iPCF2_5GHz_CamAne_SN_BW80MHz,iPCF2_ON,C:\Users\rarriaga\Documents\ipcf_2 analisis\ALL_SN_RESULTS_FINAL\per_configuration\iPCF2_5GHz_CamAne_SN_BW80MHz
iPCF2,5GHz,CamAne,SN,80,4,80.0,160.0,iperf3_udp_sender,80.0,80.0,100.0,100.0,80.0,80.0,0.193,0.0,80.0,0.0,OK_UDP_FFMPEG_MATCH,Reference load taken from rate-controlled UDP sender summary (80 Mbps/STA). ffmpeg target=80 Mbps/STA; difference=0.000% <= tolerance 2.000%. TCP is retained as achieved throughput and is not required to match the reference load.,iPCF2_5GHz_CamAne_SN_BW80MHz,iPCF2_ON,C:\Users\rarriaga\Documents\ipcf_2 analisis\ALL_SN_RESULTS_FINAL\per_configuration\iPCF2_5GHz_CamAne_SN_BW80MHz
iPCF2,5GHz,CamAne,SN,80,5,100.0,200.0,iperf3_udp_sender,100.0,100.0,100.0,100.0,100.0,100.0,0.159,0.0,100.0,0.0,OK_UDP_FFMPEG_MATCH,Reference load taken from rate-controlled UDP sender summary (100 Mbps/STA). ffmpeg target=100 Mbps/STA; difference=0.000% <= tolerance 2.000%. TCP is retained as achieved throughput and is not required to match the reference load.,iPCF2_5GHz_CamAne_SN_BW80MHz,iPCF2_ON,C:\Users\rarriaga\Documents\ipcf_2 analisis\ALL_SN_RESULTS_FINAL\per_configuration\iPCF2_5GHz_CamAne_SN_BW80MHz
iPCF2,5GHz,CamAne,SN,80,6,120.0,240.0,iperf3_udp_sender,120.0,120.0,100.0,100.0,120.0,120.0,0.123,0.0,120.0,0.0,OK_UDP_FFMPEG_MATCH,Reference load taken from rate-controlled UDP sender summary (120 Mbps/STA). ffmpeg target=120 Mbps/STA; difference=0.000% <= tolerance 2.000%. TCP is retained as achieved throughput and is not required to match the reference load.,iPCF2_5GHz_CamAne_SN_BW80MHz,iPCF2_ON,C:\Users\rarriaga\Documents\ipcf_2 analisis\ALL_SN_RESULTS_FINAL\per_configuration\iPCF2_5GHz_CamAne_SN_BW80MHz
iPCF2,5GHz,CamAne,SN,80,7,140.0,280.0,iperf3_udp_sender,122.0,122.0,87.14285714285714,87.14285714285714,140.0,140.0,0.099,0.026,140.0,0.0,OK_UDP_FFMPEG_MATCH,Reference load taken from rate-controlled UDP sender summary (140 Mbps/STA). ffmpeg target=140 Mbps/STA; difference=0.000% <= tolerance 2.000%. TCP is retained as achieved throughput and is not required to match the reference load.,iPCF2_5GHz_CamAne_SN_BW80MHz,iPCF2_ON,C:\Users\rarriaga\Documents\ipcf_2 analisis\ALL_SN_RESULTS_FINAL\per_configuration\iPCF2_5GHz_CamAne_SN_BW80MHz
iPCF2,5GHz,CamAne,SN,80,8,160.0,320.0,iperf3_udp_sender,125.0,125.0,78.125,78.125,160.0,143.0,0.103,10.0,160.0,0.0,OK_UDP_FFMPEG_MATCH,Reference load taken from rate-controlled UDP sender summary (160 Mbps/STA). ffmpeg target=160 Mbps/STA; difference=0.000% <= tolerance 2.000%. TCP is retained as achieved throughput and is not required to match the reference load.,iPCF2_5GHz_CamAne_SN_BW80MHz,iPCF2_ON,C:\Users\rarriaga\Documents\ipcf_2 analisis\ALL_SN_RESULTS_FINAL\per_configuration\iPCF2_5GHz_CamAne_SN_BW80MHz
iPCF2,5GHz,Lab,SN,20,1,20.0,40.0,iperf3_udp_sender,20.0,20.0,100.0,100.0,20.0,20.0,0.272,0.0,20.0,0.0,OK_UDP_FFMPEG_MATCH,Reference load taken from rate-controlled UDP sender summary (20 Mbps/STA). ffmpeg target=20 Mbps/STA; difference=0.000% <= tolerance 2.000%. TCP is retained as achieved throughput and is not required to match the reference load.,iPCF2_5GHz_Lab_SN_BW20MHz,iPCF2_ON,C:\Users\rarriaga\Documents\ipcf_2 analisis\ALL_SN_RESULTS_FINAL\per_configuration\iPCF2_5GHz_Lab_SN_BW20MHz
iPCF2,5GHz,Lab,SN,20,2,40.0,80.0,iperf3_udp_sender,28.5,28.4,71.25,71.0,40.0,39.0,0.353,2.3,40.0,0.0,OK_UDP_FFMPEG_MATCH,Reference load taken from rate-controlled UDP sender summary (40 Mbps/STA). ffmpeg target=40 Mbps/STA; difference=0.000% <= tolerance 2.000%. TCP is retained as achieved throughput and is not required to match the reference load.,iPCF2_5GHz_Lab_SN_BW20MHz,iPCF2_ON,C:\Users\rarriaga\Documents\ipcf_2 analisis\ALL_SN_RESULTS_FINAL\per_configuration\iPCF2_5GHz_Lab_SN_BW20MHz
iPCF2,5GHz,Lab,SN,20,3,50.0,100.0,iperf3_udp_sender,28.5,28.3,57.0,56.6,50.0,37.1,0.489,26.0,50.0,0.0,OK_UDP_FFMPEG_MATCH,Reference load taken from rate-controlled UDP sender summary (50 Mbps/STA). ffmpeg target=50 Mbps/STA; difference=0.000% <= tolerance 2.000%. TCP is retained as achieved throughput and is not required to match the reference load.,iPCF2_5GHz_Lab_SN_BW20MHz,iPCF2_ON,C:\Users\rarriaga\Documents\ipcf_2 analisis\ALL_SN_RESULTS_FINAL\per_configuration\iPCF2_5GHz_Lab_SN_BW20MHz
iPCF2,5GHz,Lab,SN,40,1,20.0,40.0,iperf3_udp_sender,20.0,20.0,100.0,100.0,20.0,20.0,0.279,0.0,20.0,0.0,OK_UDP_FFMPEG_MATCH,Reference load taken from rate-controlled UDP sender summary (20 Mbps/STA). ffmpeg target=20 Mbps/STA; difference=0.000% <= tolerance 2.000%. TCP is retained as achieved throughput and is not required to match the reference load.,iPCF2_5GHz_Lab_SN_BW40MHz,iPCF2_ON,C:\Users\rarriaga\Documents\ipcf_2 analisis\ALL_SN_RESULTS_FINAL\per_configuration\iPCF2_5GHz_Lab_SN_BW40MHz
iPCF2,5GHz,Lab,SN,40,2,50.0,100.0,iperf3_udp_sender,50.0,50.0,100.0,100.0,50.0,50.0,0.316,0.0046,50.0,0.0,OK_UDP_FFMPEG_MATCH,Reference load taken from rate-controlled UDP sender summary (50 Mbps/STA). ffmpeg target=50 Mbps/STA; difference=0.000% <= tolerance 2.000%. TCP is retained as achieved throughput and is not required to match the reference load.,iPCF2_5GHz_Lab_SN_BW40MHz,iPCF2_ON,C:\Users\rarriaga\Documents\ipcf_2 analisis\ALL_SN_RESULTS_FINAL\per_configuration\iPCF2_5GHz_Lab_SN_BW40MHz
iPCF2,5GHz,Lab,SN,40,3,100.0,200.0,iperf3_udp_sender,53.7,53.5,53.7,53.5,100.0,74.7,0.232,25.0,100.0,0.0,OK_UDP_FFMPEG_MATCH,Reference load taken from rate-controlled UDP sender summary (100 Mbps/STA). ffmpeg target=100 Mbps/STA; difference=0.000% <= tolerance 2.000%. TCP is retained as achieved throughput and is not required to match the reference load.,iPCF2_5GHz_Lab_SN_BW40MHz,iPCF2_ON,C:\Users\rarriaga\Documents\ipcf_2 analisis\ALL_SN_RESULTS_FINAL\per_configuration\iPCF2_5GHz_Lab_SN_BW40MHz
iPCF2,5GHz,Lab,SN,40,4,140.0,280.0,iperf3_udp_sender,67.1,66.9,47.92857142857142,47.78571428571429,140.0,68.3,0.115,51.0,140.0,0.0,OK_UDP_FFMPEG_MATCH,Reference load taken from rate-controlled UDP sender summary (140 Mbps/STA). ffmpeg target=140 Mbps/STA; difference=0.000% <= tolerance 2.000%. TCP is retained as achieved throughput and is not required to match the reference load.,iPCF2_5GHz_Lab_SN_BW40MHz,iPCF2_ON,C:\Users\rarriaga\Documents\ipcf_2 analisis\ALL_SN_RESULTS_FINAL\per_configuration\iPCF2_5GHz_Lab_SN_BW40MHz
iPCF2,5GHz,Lab,SN,80,1,100.0,200.0,iperf3_udp_sender,100.0,100.0,100.0,100.0,100.0,100.0,0.176,0.018,100.0,0.0,OK_UDP_FFMPEG_MATCH,Reference load taken from rate-controlled UDP sender summary (100 Mbps/STA). ffmpeg target=100 Mbps/STA; difference=0.000% <= tolerance 2.000%. TCP is retained as achieved throughput and is not required to match the reference load.,iPCF2_5GHz_Lab_SN_BW80MHz,iPCF2_ON,C:\Users\rarriaga\Documents\ipcf_2 analisis\ALL_SN_RESULTS_FINAL\per_configuration\iPCF2_5GHz_Lab_SN_BW80MHz
iPCF2,5GHz,Lab,SN,80,2,150.0,300.0,iperf3_udp_sender,141.0,141.0,94.0,94.0,150.0,139.0,0.083,7.5,150.0,0.0,OK_UDP_FFMPEG_MATCH,Reference load taken from rate-controlled UDP sender summary (150 Mbps/STA). ffmpeg target=150 Mbps/STA; difference=0.000% <= tolerance 2.000%. TCP is retained as achieved throughput and is not required to match the reference load.,iPCF2_5GHz_Lab_SN_BW80MHz,iPCF2_ON,C:\Users\rarriaga\Documents\ipcf_2 analisis\ALL_SN_RESULTS_FINAL\per_configuration\iPCF2_5GHz_Lab_SN_BW80MHz
iWLAN,24GHz,CamAne,SN,20,1,10.0,20.0,iperf3_udp_sender,10.0,10.0,100.0,100.0,10.0,10.0,0.995,0.0,10.0,0.0,OK_UDP_FFMPEG_MATCH,Reference load taken from rate-controlled UDP sender summary (10 Mbps/STA). ffmpeg target=10 Mbps/STA; difference=0.000% <= tolerance 2.000%. TCP is retained as achieved throughput and is not required to match the reference load.,iWLAN_24GHz_CamAne_SN_BW20MHz,iPCF2_OFF_iWLAN,C:\Users\rarriaga\Documents\ipcf_2 analisis\ALL_SN_RESULTS_FINAL\per_configuration\iWLAN_24GHz_CamAne_SN_BW20MHz
iWLAN,24GHz,CamAne,SN,20,2,20.0,40.0,iperf3_udp_sender,20.0,20.0,100.0,100.0,20.0,20.0,0.609,0.0,20.0,0.0,OK_UDP_FFMPEG_MATCH,Reference load taken from rate-controlled UDP sender summary (20 Mbps/STA). ffmpeg target=20 Mbps/STA; difference=0.000% <= tolerance 2.000%. TCP is retained as achieved throughput and is not required to match the reference load.,iWLAN_24GHz_CamAne_SN_BW20MHz,iPCF2_OFF_iWLAN,C:\Users\rarriaga\Documents\ipcf_2 analisis\ALL_SN_RESULTS_FINAL\per_configuration\iWLAN_24GHz_CamAne_SN_BW20MHz
iWLAN,24GHz,CamAne,SN,20,3,30.0,60.0,iperf3_udp_sender,22.9,22.9,76.33333333333333,76.33333333333333,30.0,30.0,0.414,0.0,30.0,0.0,OK_UDP_FFMPEG_MATCH,Reference load taken from rate-controlled UDP sender summary (30 Mbps/STA). ffmpeg target=30 Mbps/STA; difference=0.000% <= tolerance 2.000%. TCP is retained as achieved throughput and is not required to match the reference load.,iWLAN_24GHz_CamAne_SN_BW20MHz,iPCF2_OFF_iWLAN,C:\Users\rarriaga\Documents\ipcf_2 analisis\ALL_SN_RESULTS_FINAL\per_configuration\iWLAN_24GHz_CamAne_SN_BW20MHz
iWLAN,24GHz,CamAne,SN,20,4,40.0,80.0,iperf3_udp_sender,19.9,19.8,49.74999999999999,49.5,40.0,40.0,0.35,0.0,40.0,0.0,OK_UDP_FFMPEG_MATCH,Reference load taken from rate-controlled UDP sender summary (40 Mbps/STA). ffmpeg target=40 Mbps/STA; difference=0.000% <= tolerance 2.000%. TCP is retained as achieved throughput and is not required to match the reference load.,iWLAN_24GHz_CamAne_SN_BW20MHz,iPCF2_OFF_iWLAN,C:\Users\rarriaga\Documents\ipcf_2 analisis\ALL_SN_RESULTS_FINAL\per_configuration\iWLAN_24GHz_CamAne_SN_BW20MHz
iWLAN,24GHz,CamAne,SN,20,5,50.0,100.0,iperf3_udp_sender,18.7,18.7,37.4,37.4,50.0,50.0,0.306,0.0,50.0,0.0,OK_UDP_FFMPEG_MATCH,Reference load taken from rate-controlled UDP sender summary (50 Mbps/STA). ffmpeg target=50 Mbps/STA; difference=0.000% <= tolerance 2.000%. TCP is retained as achieved throughput and is not required to match the reference load.,iWLAN_24GHz_CamAne_SN_BW20MHz,iPCF2_OFF_iWLAN,C:\Users\rarriaga\Documents\ipcf_2 analisis\ALL_SN_RESULTS_FINAL\per_configuration\iWLAN_24GHz_CamAne_SN_BW20MHz
iWLAN,24GHz,CamAne,SN,20,6,60.0,120.0,iperf3_udp_sender,18.9,18.9,31.499999999999996,31.499999999999996,60.0,51.4,0.229,14.0,60.0,0.0,OK_UDP_FFMPEG_MATCH,Reference load taken from rate-controlled UDP sender summary (60 Mbps/STA). ffmpeg target=60 Mbps/STA; difference=0.000% <= tolerance 2.000%. TCP is retained as achieved throughput and is not required to match the reference load.,iWLAN_24GHz_CamAne_SN_BW20MHz,iPCF2_OFF_iWLAN,C:\Users\rarriaga\Documents\ipcf_2 analisis\ALL_SN_RESULTS_FINAL\per_configuration\iWLAN_24GHz_CamAne_SN_BW20MHz
iWLAN,24GHz,CamAne,SN,40,1,20.0,40.0,iperf3_udp_sender,20.0,20.0,100.0,100.0,20.0,20.0,0.246,0.0,20.0,0.0,OK_UDP_FFMPEG_MATCH,Reference load taken from rate-controlled UDP sender summary (20 Mbps/STA). ffmpeg target=20 Mbps/STA; difference=0.000% <= tolerance 2.000%. TCP is retained as achieved throughput and is not required to match the reference load.,iWLAN_24GHz_CamAne_SN_BW40MHz,iPCF2_OFF_iWLAN,C:\Users\rarriaga\Documents\ipcf_2 analisis\ALL_SN_RESULTS_FINAL\per_configuration\iWLAN_24GHz_CamAne_SN_BW40MHz
iWLAN,24GHz,CamAne,SN,40,2,40.0,80.0,iperf3_udp_sender,40.0,40.0,100.0,100.0,40.0,40.0,0.35,0.0,40.0,0.0,OK_UDP_FFMPEG_MATCH,Reference load taken from rate-controlled UDP sender summary (40 Mbps/STA). ffmpeg target=40 Mbps/STA; difference=0.000% <= tolerance 2.000%. TCP is retained as achieved throughput and is not required to match the reference load.,iWLAN_24GHz_CamAne_SN_BW40MHz,iPCF2_OFF_iWLAN,C:\Users\rarriaga\Documents\ipcf_2 analisis\ALL_SN_RESULTS_FINAL\per_configuration\iWLAN_24GHz_CamAne_SN_BW40MHz
iWLAN,24GHz,CamAne,SN,40,3,60.0,120.0,iperf3_udp_sender,60.0,60.0,100.0,100.0,60.0,60.0,0.264,0.0,60.0,0.0,OK_UDP_FFMPEG_MATCH,Reference load taken from rate-controlled UDP sender summary (60 Mbps/STA). ffmpeg target=60 Mbps/STA; difference=0.000% <= tolerance 2.000%. TCP is retained as achieved throughput and is not required to match the reference load.,iWLAN_24GHz_CamAne_SN_BW40MHz,iPCF2_OFF_iWLAN,C:\Users\rarriaga\Documents\ipcf_2 analisis\ALL_SN_RESULTS_FINAL\per_configuration\iWLAN_24GHz_CamAne_SN_BW40MHz
iWLAN,24GHz,CamAne,SN,40,4,80.0,160.0,iperf3_udp_sender,80.0,80.0,100.0,100.0,80.0,80.0,0.229,0.0,80.0,0.0,OK_UDP_FFMPEG_MATCH,Reference load taken from rate-controlled UDP sender summary (80 Mbps/STA). ffmpeg target=80 Mbps/STA; difference=0.000% <= tolerance 2.000%. TCP is retained as achieved throughput and is not required to match the reference load.,iWLAN_24GHz_CamAne_SN_BW40MHz,iPCF2_OFF_iWLAN,C:\Users\rarriaga\Documents\ipcf_2 analisis\ALL_SN_RESULTS_FINAL\per_configuration\iWLAN_24GHz_CamAne_SN_BW40MHz
iWLAN,24GHz,CamAne,SN,40,5,100.0,200.0,iperf3_udp_sender,100.0,100.0,100.0,100.0,100.0,100.0,0.152,0.0,100.0,0.0,OK_UDP_FFMPEG_MATCH,Reference load taken from rate-controlled UDP sender summary (100 Mbps/STA). ffmpeg target=100 Mbps/STA; difference=0.000% <= tolerance 2.000%. TCP is retained as achieved throughput and is not required to match the reference load.,iWLAN_24GHz_CamAne_SN_BW40MHz,iPCF2_OFF_iWLAN,C:\Users\rarriaga\Documents\ipcf_2 analisis\ALL_SN_RESULTS_FINAL\per_configuration\iWLAN_24GHz_CamAne_SN_BW40MHz
iWLAN,24GHz,CamAne,SN,40,6,120.0,240.0,iperf3_udp_sender,85.8,85.7,71.5,71.41666666666667,120.0,102.0,0.101,14.0,120.0,0.0,OK_UDP_FFMPEG_MATCH,Reference load taken from rate-controlled UDP sender summary (120 Mbps/STA). ffmpeg target=120 Mbps/STA; difference=0.000% <= tolerance 2.000%. TCP is retained as achieved throughput and is not required to match the reference load.,iWLAN_24GHz_CamAne_SN_BW40MHz,iPCF2_OFF_iWLAN,C:\Users\rarriaga\Documents\ipcf_2 analisis\ALL_SN_RESULTS_FINAL\per_configuration\iWLAN_24GHz_CamAne_SN_BW40MHz
iWLAN,5GHz,CamAne,SN,20,1,5.0,10.0,iperf3_udp_sender,5.0,5.0,100.0,100.0,5.0,5.0,0.451,0.0,5.0,0.0,OK_UDP_FFMPEG_MATCH,Reference load taken from rate-controlled UDP sender summary (5 Mbps/STA). ffmpeg target=5 Mbps/STA; difference=0.000% <= tolerance 2.000%. TCP is retained as achieved throughput and is not required to match the reference load.,iWLAN_5GHz_CamAne_SN_BW20MHz,iPCF2_OFF_iWLAN,C:\Users\rarriaga\Documents\ipcf_2 analisis\ALL_SN_RESULTS_FINAL\per_configuration\iWLAN_5GHz_CamAne_SN_BW20MHz
iWLAN,5GHz,CamAne,SN,20,2,10.0,20.0,iperf3_udp_sender,10.0,10.0,100.0,100.0,10.0,10.0,0.232,0.0,10.0,0.0,OK_UDP_FFMPEG_MATCH,Reference load taken from rate-controlled UDP sender summary (10 Mbps/STA). ffmpeg target=10 Mbps/STA; difference=0.000% <= tolerance 2.000%. TCP is retained as achieved throughput and is not required to match the reference load.,iWLAN_5GHz_CamAne_SN_BW20MHz,iPCF2_OFF_iWLAN,C:\Users\rarriaga\Documents\ipcf_2 analisis\ALL_SN_RESULTS_FINAL\per_configuration\iWLAN_5GHz_CamAne_SN_BW20MHz
iWLAN,5GHz,CamAne,SN,20,3,15.0,30.0,iperf3_udp_sender,15.0,15.0,100.0,100.0,15.0,15.0,0.366,0.0,15.0,0.0,OK_UDP_FFMPEG_MATCH,Reference load taken from rate-controlled UDP sender summary (15 Mbps/STA). ffmpeg target=15 Mbps/STA; difference=0.000% <= tolerance 2.000%. TCP is retained as achieved throughput and is not required to match the reference load.,iWLAN_5GHz_CamAne_SN_BW20MHz,iPCF2_OFF_iWLAN,C:\Users\rarriaga\Documents\ipcf_2 analisis\ALL_SN_RESULTS_FINAL\per_configuration\iWLAN_5GHz_CamAne_SN_BW20MHz
iWLAN,5GHz,CamAne,SN,20,5,25.0,50.0,iperf3_udp_sender,25.0,25.0,100.0,100.0,25.0,25.0,0.497,0.0,25.0,0.0,OK_UDP_FFMPEG_MATCH,Reference load taken from rate-controlled UDP sender summary (25 Mbps/STA). ffmpeg target=25 Mbps/STA; difference=0.000% <= tolerance 2.000%. TCP is retained as achieved throughput and is not required to match the reference load.,iWLAN_5GHz_CamAne_SN_BW20MHz,iPCF2_OFF_iWLAN,C:\Users\rarriaga\Documents\ipcf_2 analisis\ALL_SN_RESULTS_FINAL\per_configuration\iWLAN_5GHz_CamAne_SN_BW20MHz
iWLAN,5GHz,CamAne,SN,20,6,30.0,60.0,iperf3_udp_sender,30.0,30.0,100.0,100.0,30.0,30.0,0.394,0.0,30.0,0.0,OK_UDP_FFMPEG_MATCH,Reference load taken from rate-controlled UDP sender summary (30 Mbps/STA). ffmpeg target=30 Mbps/STA; difference=0.000% <= tolerance 2.000%. TCP is retained as achieved throughput and is not required to match the reference load.,iWLAN_5GHz_CamAne_SN_BW20MHz,iPCF2_OFF_iWLAN,C:\Users\rarriaga\Documents\ipcf_2 analisis\ALL_SN_RESULTS_FINAL\per_configuration\iWLAN_5GHz_CamAne_SN_BW20MHz
iWLAN,5GHz,CamAne,SN,20,7,35.0,70.0,iperf3_udp_sender,35.0,35.0,100.0,100.0,35.0,35.0,0.471,0.0,35.0,0.0,OK_UDP_FFMPEG_MATCH,Reference load taken from rate-controlled UDP sender summary (35 Mbps/STA). ffmpeg target=35 Mbps/STA; difference=0.000% <= tolerance 2.000%. TCP is retained as achieved throughput and is not required to match the reference load.,iWLAN_5GHz_CamAne_SN_BW20MHz,iPCF2_OFF_iWLAN,C:\Users\rarriaga\Documents\ipcf_2 analisis\ALL_SN_RESULTS_FINAL\per_configuration\iWLAN_5GHz_CamAne_SN_BW20MHz
iWLAN,5GHz,CamAne,SN,20,8,40.0,80.0,iperf3_udp_sender,40.0,40.0,100.0,100.0,40.0,40.0,0.358,0.0,40.0,0.0,OK_UDP_FFMPEG_MATCH,Reference load taken from rate-controlled UDP sender summary (40 Mbps/STA). ffmpeg target=40 Mbps/STA; difference=0.000% <= tolerance 2.000%. TCP is retained as achieved throughput and is not required to match the reference load.,iWLAN_5GHz_CamAne_SN_BW20MHz,iPCF2_OFF_iWLAN,C:\Users\rarriaga\Documents\ipcf_2 analisis\ALL_SN_RESULTS_FINAL\per_configuration\iWLAN_5GHz_CamAne_SN_BW20MHz
iWLAN,5GHz,CamAne,SN,20,9,45.0,90.0,iperf3_udp_sender,45.0,45.0,100.0,100.0,45.0,45.0,0.263,0.0,45.0,0.0,OK_UDP_FFMPEG_MATCH,Reference load taken from rate-controlled UDP sender summary (45 Mbps/STA). ffmpeg target=45 Mbps/STA; difference=0.000% <= tolerance 2.000%. TCP is retained as achieved throughput and is not required to match the reference load.,iWLAN_5GHz_CamAne_SN_BW20MHz,iPCF2_OFF_iWLAN,C:\Users\rarriaga\Documents\ipcf_2 analisis\ALL_SN_RESULTS_FINAL\per_configuration\iWLAN_5GHz_CamAne_SN_BW20MHz
iWLAN,5GHz,CamAne,SN,20,10,50.0,100.0,iperf3_udp_sender,50.0,50.0,100.0,100.0,50.0,50.0,0.274,0.00039,50.0,0.0,OK_UDP_FFMPEG_MATCH,Reference load taken from rate-controlled UDP sender summary (50 Mbps/STA). ffmpeg target=50 Mbps/STA; difference=0.000% <= tolerance 2.000%. TCP is retained as achieved throughput and is not required to match the reference load.,iWLAN_5GHz_CamAne_SN_BW20MHz,iPCF2_OFF_iWLAN,C:\Users\rarriaga\Documents\ipcf_2 analisis\ALL_SN_RESULTS_FINAL\per_configuration\iWLAN_5GHz_CamAne_SN_BW20MHz
iWLAN,5GHz,CamAne,SN,40,1,10.0,20.0,iperf3_udp_sender,10.0,10.0,100.0,100.0,10.0,10.0,0.364,0.0,10.0,0.0,OK_UDP_FFMPEG_MATCH,Reference load taken from rate-controlled UDP sender summary (10 Mbps/STA). ffmpeg target=10 Mbps/STA; difference=0.000% <= tolerance 2.000%. TCP is retained as achieved throughput and is not required to match the reference load.,iWLAN_5GHz_CamAne_SN_BW40MHz,iPCF2_OFF_iWLAN,C:\Users\rarriaga\Documents\ipcf_2 analisis\ALL_SN_RESULTS_FINAL\per_configuration\iWLAN_5GHz_CamAne_SN_BW40MHz
iWLAN,5GHz,CamAne,SN,40,2,20.0,40.0,iperf3_udp_sender,20.0,20.0,100.0,100.0,20.0,20.0,0.354,0.0,20.0,0.0,OK_UDP_FFMPEG_MATCH,Reference load taken from rate-controlled UDP sender summary (20 Mbps/STA). ffmpeg target=20 Mbps/STA; difference=0.000% <= tolerance 2.000%. TCP is retained as achieved throughput and is not required to match the reference load.,iWLAN_5GHz_CamAne_SN_BW40MHz,iPCF2_OFF_iWLAN,C:\Users\rarriaga\Documents\ipcf_2 analisis\ALL_SN_RESULTS_FINAL\per_configuration\iWLAN_5GHz_CamAne_SN_BW40MHz
iWLAN,5GHz,CamAne,SN,40,3,30.0,60.0,iperf3_udp_sender,30.0,30.0,100.0,100.0,30.0,30.0,0.428,0.0,30.0,0.0,OK_UDP_FFMPEG_MATCH,Reference load taken from rate-controlled UDP sender summary (30 Mbps/STA). ffmpeg target=30 Mbps/STA; difference=0.000% <= tolerance 2.000%. TCP is retained as achieved throughput and is not required to match the reference load.,iWLAN_5GHz_CamAne_SN_BW40MHz,iPCF2_OFF_iWLAN,C:\Users\rarriaga\Documents\ipcf_2 analisis\ALL_SN_RESULTS_FINAL\per_configuration\iWLAN_5GHz_CamAne_SN_BW40MHz
iWLAN,5GHz,CamAne,SN,40,4,40.0,80.0,iperf3_udp_sender,40.0,40.0,100.0,100.0,40.0,40.0,0.38,0.0,40.0,0.0,OK_UDP_FFMPEG_MATCH,Reference load taken from rate-controlled UDP sender summary (40 Mbps/STA). ffmpeg target=40 Mbps/STA; difference=0.000% <= tolerance 2.000%. TCP is retained as achieved throughput and is not required to match the reference load.,iWLAN_5GHz_CamAne_SN_BW40MHz,iPCF2_OFF_iWLAN,C:\Users\rarriaga\Documents\ipcf_2 analisis\ALL_SN_RESULTS_FINAL\per_configuration\iWLAN_5GHz_CamAne_SN_BW40MHz
iWLAN,5GHz,CamAne,SN,40,5,50.0,100.0,iperf3_udp_sender,50.0,50.0,100.0,100.0,50.0,50.0,0.332,0.0,50.0,0.0,OK_UDP_FFMPEG_MATCH,Reference load taken from rate-controlled UDP sender summary (50 Mbps/STA). ffmpeg target=50 Mbps/STA; difference=0.000% <= tolerance 2.000%. TCP is retained as achieved throughput and is not required to match the reference load.,iWLAN_5GHz_CamAne_SN_BW40MHz,iPCF2_OFF_iWLAN,C:\Users\rarriaga\Documents\ipcf_2 analisis\ALL_SN_RESULTS_FINAL\per_configuration\iWLAN_5GHz_CamAne_SN_BW40MHz
iWLAN,5GHz,CamAne,SN,40,6,60.0,120.0,iperf3_udp_sender,60.0,60.0,100.0,100.0,60.0,60.0,0.29,0.0,60.0,0.0,OK_UDP_FFMPEG_MATCH,Reference load taken from rate-controlled UDP sender summary (60 Mbps/STA). ffmpeg target=60 Mbps/STA; difference=0.000% <= tolerance 2.000%. TCP is retained as achieved throughput and is not required to match the reference load.,iWLAN_5GHz_CamAne_SN_BW40MHz,iPCF2_OFF_iWLAN,C:\Users\rarriaga\Documents\ipcf_2 analisis\ALL_SN_RESULTS_FINAL\per_configuration\iWLAN_5GHz_CamAne_SN_BW40MHz
iWLAN,5GHz,CamAne,SN,40,8,80.0,160.0,iperf3_udp_sender,80.0,80.0,100.0,100.0,80.0,80.0,0.211,0.0,80.0,0.0,OK_UDP_FFMPEG_MATCH,Reference load taken from rate-controlled UDP sender summary (80 Mbps/STA). ffmpeg target=80 Mbps/STA; difference=0.000% <= tolerance 2.000%. TCP is retained as achieved throughput and is not required to match the reference load.,iWLAN_5GHz_CamAne_SN_BW40MHz,iPCF2_OFF_iWLAN,C:\Users\rarriaga\Documents\ipcf_2 analisis\ALL_SN_RESULTS_FINAL\per_configuration\iWLAN_5GHz_CamAne_SN_BW40MHz
iWLAN,5GHz,CamAne,SN,40,9,90.0,180.0,iperf3_udp_sender,90.0,90.0,100.0,100.0,90.0,90.0,0.155,0.00021,90.0,0.0,OK_UDP_FFMPEG_MATCH,Reference load taken from rate-controlled UDP sender summary (90 Mbps/STA). ffmpeg target=90 Mbps/STA; difference=0.000% <= tolerance 2.000%. TCP is retained as achieved throughput and is not required to match the reference load.,iWLAN_5GHz_CamAne_SN_BW40MHz,iPCF2_OFF_iWLAN,C:\Users\rarriaga\Documents\ipcf_2 analisis\ALL_SN_RESULTS_FINAL\per_configuration\iWLAN_5GHz_CamAne_SN_BW40MHz
iWLAN,5GHz,CamAne,SN,40,10,120.0,240.0,iperf3_udp_sender,96.9,96.8,80.75,80.66666666666667,120.0,112.0,0.106,6.5,120.0,0.0,OK_UDP_FFMPEG_MATCH,Reference load taken from rate-controlled UDP sender summary (120 Mbps/STA). ffmpeg target=120 Mbps/STA; difference=0.000% <= tolerance 2.000%. TCP is retained as achieved throughput and is not required to match the reference load.,iWLAN_5GHz_CamAne_SN_BW40MHz,iPCF2_OFF_iWLAN,C:\Users\rarriaga\Documents\ipcf_2 analisis\ALL_SN_RESULTS_FINAL\per_configuration\iWLAN_5GHz_CamAne_SN_BW40MHz
iWLAN,5GHz,CamAne,SN,80,1,20.0,40.0,iperf3_udp_sender,20.0,20.0,100.0,100.0,20.0,20.0,0.312,0.0,20.0,0.0,OK_UDP_FFMPEG_MATCH,Reference load taken from rate-controlled UDP sender summary (20 Mbps/STA). ffmpeg target=20 Mbps/STA; difference=0.000% <= tolerance 2.000%. TCP is retained as achieved throughput and is not required to match the reference load.,iWLAN_5GHz_CamAne_SN_BW80MHz,iPCF2_OFF_iWLAN,C:\Users\rarriaga\Documents\ipcf_2 analisis\ALL_SN_RESULTS_FINAL\per_configuration\iWLAN_5GHz_CamAne_SN_BW80MHz
iWLAN,5GHz,CamAne,SN,80,2,40.0,80.0,iperf3_udp_sender,40.0,40.0,100.0,100.0,40.0,40.0,0.363,0.0,40.0,0.0,OK_UDP_FFMPEG_MATCH,Reference load taken from rate-controlled UDP sender summary (40 Mbps/STA). ffmpeg target=40 Mbps/STA; difference=0.000% <= tolerance 2.000%. TCP is retained as achieved throughput and is not required to match the reference load.,iWLAN_5GHz_CamAne_SN_BW80MHz,iPCF2_OFF_iWLAN,C:\Users\rarriaga\Documents\ipcf_2 analisis\ALL_SN_RESULTS_FINAL\per_configuration\iWLAN_5GHz_CamAne_SN_BW80MHz
iWLAN,5GHz,CamAne,SN,80,3,60.0,120.0,iperf3_udp_sender,60.0,60.0,100.0,100.0,60.0,60.0,0.281,0.0,60.0,0.0,OK_UDP_FFMPEG_MATCH,Reference load taken from rate-controlled UDP sender summary (60 Mbps/STA). ffmpeg target=60 Mbps/STA; difference=0.000% <= tolerance 2.000%. TCP is retained as achieved throughput and is not required to match the reference load.,iWLAN_5GHz_CamAne_SN_BW80MHz,iPCF2_OFF_iWLAN,C:\Users\rarriaga\Documents\ipcf_2 analisis\ALL_SN_RESULTS_FINAL\per_configuration\iWLAN_5GHz_CamAne_SN_BW80MHz
iWLAN,5GHz,CamAne,SN,80,4,80.0,160.0,iperf3_udp_sender,80.0,80.0,100.0,100.0,80.0,80.0,0.209,0.0,80.0,0.0,OK_UDP_FFMPEG_MATCH,Reference load taken from rate-controlled UDP sender summary (80 Mbps/STA). ffmpeg target=80 Mbps/STA; difference=0.000% <= tolerance 2.000%. TCP is retained as achieved throughput and is not required to match the reference load.,iWLAN_5GHz_CamAne_SN_BW80MHz,iPCF2_OFF_iWLAN,C:\Users\rarriaga\Documents\ipcf_2 analisis\ALL_SN_RESULTS_FINAL\per_configuration\iWLAN_5GHz_CamAne_SN_BW80MHz
iWLAN,5GHz,CamAne,SN,80,5,100.0,200.0,iperf3_udp_sender,100.0,100.0,100.0,100.0,100.0,100.0,0.175,0.0,100.0,0.0,OK_UDP_FFMPEG_MATCH,Reference load taken from rate-controlled UDP sender summary (100 Mbps/STA). ffmpeg target=100 Mbps/STA; difference=0.000% <= tolerance 2.000%. TCP is retained as achieved throughput and is not required to match the reference load.,iWLAN_5GHz_CamAne_SN_BW80MHz,iPCF2_OFF_iWLAN,C:\Users\rarriaga\Documents\ipcf_2 analisis\ALL_SN_RESULTS_FINAL\per_configuration\iWLAN_5GHz_CamAne_SN_BW80MHz
iWLAN,5GHz,CamAne,SN,80,7,70.0,140.0,iperf3_udp_sender,70.0,70.0,100.0,100.0,70.0,70.0,0.233,0.0,70.0,0.0,OK_UDP_FFMPEG_MATCH,Reference load taken from rate-controlled UDP sender summary (70 Mbps/STA). ffmpeg target=70 Mbps/STA; difference=0.000% <= tolerance 2.000%. TCP is retained as achieved throughput and is not required to match the reference load.,iWLAN_5GHz_CamAne_SN_BW80MHz,iPCF2_OFF_iWLAN,C:\Users\rarriaga\Documents\ipcf_2 analisis\ALL_SN_RESULTS_FINAL\per_configuration\iWLAN_5GHz_CamAne_SN_BW80MHz
iWLAN,5GHz,Lab,SN,20,1,20.0,40.0,iperf3_udp_sender,20.0,20.0,100.0,100.0,20.0,20.0,0.309,0.0,20.0,0.0,OK_UDP_FFMPEG_MATCH,Reference load taken from rate-controlled UDP sender summary (20 Mbps/STA). ffmpeg target=20 Mbps/STA; difference=0.000% <= tolerance 2.000%. TCP is retained as achieved throughput and is not required to match the reference load.,iWLAN_5GHz_Lab_SN_BW20MHz,iPCF2_OFF_iWLAN,C:\Users\rarriaga\Documents\ipcf_2 analisis\ALL_SN_RESULTS_FINAL\per_configuration\iWLAN_5GHz_Lab_SN_BW20MHz
iWLAN,5GHz,Lab,SN,20,2,50.0,100.0,iperf3_udp_sender,44.2,44.1,88.4,88.2,50.0,49.6,0.229,0.62,50.0,0.0,OK_UDP_FFMPEG_MATCH,Reference load taken from rate-controlled UDP sender summary (50 Mbps/STA). ffmpeg target=50 Mbps/STA; difference=0.000% <= tolerance 2.000%. TCP is retained as achieved throughput and is not required to match the reference load.,iWLAN_5GHz_Lab_SN_BW20MHz,iPCF2_OFF_iWLAN,C:\Users\rarriaga\Documents\ipcf_2 analisis\ALL_SN_RESULTS_FINAL\per_configuration\iWLAN_5GHz_Lab_SN_BW20MHz
iWLAN,5GHz,Lab,SN,40,2,120.0,240.0,iperf3_udp_sender,120.0,120.0,100.0,100.0,120.0,106.0,0.098,11.0,120.0,0.0,OK_UDP_FFMPEG_MATCH,Reference load taken from rate-controlled UDP sender summary (120 Mbps/STA). ffmpeg target=120 Mbps/STA; difference=0.000% <= tolerance 2.000%. TCP is retained as achieved throughput and is not required to match the reference load.,iWLAN_5GHz_Lab_SN_BW40MHz,iPCF2_OFF_iWLAN,C:\Users\rarriaga\Documents\ipcf_2 analisis\ALL_SN_RESULTS_FINAL\per_configuration\iWLAN_5GHz_Lab_SN_BW40MHz
