mechanism,band,environment,condition,bandwidth_mhz,test,test_number,status,test_dir,pcap,reference_load_per_sta_mbps,reference_load_aggregate_mbps,reference_load_source,load_resolution_status,load_resolution_note,udp_ffmpeg_difference_pct,tcp_achieved_sender_mbps,tcp_achieved_receiver_mbps,tcp_sender_as_pct_of_reference,tcp_receiver_as_pct_of_reference,udp_offered_sender_mbps,udp_achieved_receiver_mbps,udp_reported_jitter_ms,udp_reported_loss_pct,ffmpeg_target_rate_mbps,nominal_test_load_per_sta_mbps,nominal_test_load_aggregate_mbps,tcp_sender_rate_mbps,tcp_receiver_rate_mbps,udp_sender_rate_mbps,udp_receiver_rate_mbps,n_rtt_summary_rows,n_throughput_summary_rows,output_dir,configuration_name,operating_mode,global_results_dir
iPCF2,24GHz,CamAne,SN,20,1,1,PASS,D:\iPCF2_24GHz_CamAne_SN_BW20MHz\Prueba_Siemens2\Test 1,D:\iPCF2_24GHz_CamAne_SN_BW20MHz\Prueba_Siemens2\Test 1\pcap\rep_1.pcap,10.0,20.0,iperf3_udp_sender,OK_UDP_FFMPEG_MATCH,Reference load taken from rate-controlled UDP sender summary (10 Mbps/STA). ffmpeg target=10 Mbps/STA; difference=0.000% <= tolerance 2.000%. TCP is retained as achieved throughput and is not required to match the reference load.,0.0,10.0,10.0,100.0,100.0,10.0,10.0,0.818,0.0,10.0,10.0,20.0,10.0,10.0,10.0,10.0,24,36,C:\Users\rarriaga\Documents\ipcf_2 analisis\ALL_SN_RESULTS_FINAL\per_configuration\iPCF2_24GHz_CamAne_SN_BW20MHz\Test_01,iPCF2_24GHz_CamAne_SN_BW20MHz,iPCF2_ON,C:\Users\rarriaga\Documents\ipcf_2 analisis\ALL_SN_RESULTS_FINAL\per_configuration\iPCF2_24GHz_CamAne_SN_BW20MHz
iPCF2,24GHz,CamAne,SN,20,4,4,PASS,D:\iPCF2_24GHz_CamAne_SN_BW20MHz\Prueba_Siemens2\Test 4,D:\iPCF2_24GHz_CamAne_SN_BW20MHz\Prueba_Siemens2\Test 4\pcap\rep_1.pcap,20.0,40.0,iperf3_udp_sender,OK_UDP_FFMPEG_MATCH,Reference load taken from rate-controlled UDP sender summary (20 Mbps/STA). ffmpeg target=20 Mbps/STA; difference=0.000% <= tolerance 2.000%. TCP is retained as achieved throughput and is not required to match the reference load.,0.0,13.5,13.5,67.5,67.5,20.0,20.0,0.624,0.0,20.0,20.0,40.0,13.5,13.5,20.0,20.0,20,36,C:\Users\rarriaga\Documents\ipcf_2 analisis\ALL_SN_RESULTS_FINAL\per_configuration\iPCF2_24GHz_CamAne_SN_BW20MHz\Test_04,iPCF2_24GHz_CamAne_SN_BW20MHz,iPCF2_ON,C:\Users\rarriaga\Documents\ipcf_2 analisis\ALL_SN_RESULTS_FINAL\per_configuration\iPCF2_24GHz_CamAne_SN_BW20MHz
iPCF2,24GHz,CamAne,SN,20,6,6,PASS,D:\iPCF2_24GHz_CamAne_SN_BW20MHz\Prueba_Siemens2\Test 6,D:\iPCF2_24GHz_CamAne_SN_BW20MHz\Prueba_Siemens2\Test 6\pcap\rep_1.pcap,30.0,60.0,iperf3_udp_sender,OK_UDP_FFMPEG_MATCH,Reference load taken from rate-controlled UDP sender summary (30 Mbps/STA). ffmpeg target=30 Mbps/STA; difference=0.000% <= tolerance 2.000%. TCP is retained as achieved throughput and is not required to match the reference load.,0.0,9.16,9.15,30.533333333333335,30.5,30.0,29.9,0.413,0.22,30.0,30.0,60.0,9.16,9.15,30.0,29.9,20,36,C:\Users\rarriaga\Documents\ipcf_2 analisis\ALL_SN_RESULTS_FINAL\per_configuration\iPCF2_24GHz_CamAne_SN_BW20MHz\Test_06,iPCF2_24GHz_CamAne_SN_BW20MHz,iPCF2_ON,C:\Users\rarriaga\Documents\ipcf_2 analisis\ALL_SN_RESULTS_FINAL\per_configuration\iPCF2_24GHz_CamAne_SN_BW20MHz
iPCF2,24GHz,CamAne,SN,20,7,7,PASS,D:\iPCF2_24GHz_CamAne_SN_BW20MHz\Prueba_Siemens2\Test 7,D:\iPCF2_24GHz_CamAne_SN_BW20MHz\Prueba_Siemens2\Test 7\pcap\rep_1.pcap,40.0,80.0,iperf3_udp_sender,OK_UDP_FFMPEG_MATCH,Reference load taken from rate-controlled UDP sender summary (40 Mbps/STA). ffmpeg target=40 Mbps/STA; difference=0.000% <= tolerance 2.000%. TCP is retained as achieved throughput and is not required to match the reference load.,0.0,8.03,7.97,20.074999999999996,19.925,40.0,24.6,0.259,38.0,40.0,40.0,80.0,8.03,7.97,40.0,24.6,19,36,C:\Users\rarriaga\Documents\ipcf_2 analisis\ALL_SN_RESULTS_FINAL\per_configuration\iPCF2_24GHz_CamAne_SN_BW20MHz\Test_07,iPCF2_24GHz_CamAne_SN_BW20MHz,iPCF2_ON,C:\Users\rarriaga\Documents\ipcf_2 analisis\ALL_SN_RESULTS_FINAL\per_configuration\iPCF2_24GHz_CamAne_SN_BW20MHz
iPCF2,24GHz,CamAne,SN,40,1,1,PASS,D:\iPCF2_24GHz_CamAne_SN_BW40MHz\Prueba_Siemens2\Test 1,D:\iPCF2_24GHz_CamAne_SN_BW40MHz\Prueba_Siemens2\Test 1\pcap\rep_1.pcap,10.0,20.0,iperf3_udp_sender,OK_UDP_FFMPEG_MATCH,Reference load taken from rate-controlled UDP sender summary (10 Mbps/STA). ffmpeg target=10 Mbps/STA; difference=0.000% <= tolerance 2.000%. TCP is retained as achieved throughput and is not required to match the reference load.,0.0,10.0,10.0,100.0,100.0,10.0,10.0,0.925,0.0,10.0,10.0,20.0,10.0,10.0,10.0,10.0,24,36,C:\Users\rarriaga\Documents\ipcf_2 analisis\ALL_SN_RESULTS_FINAL\per_configuration\iPCF2_24GHz_CamAne_SN_BW40MHz\Test_01,iPCF2_24GHz_CamAne_SN_BW40MHz,iPCF2_ON,C:\Users\rarriaga\Documents\ipcf_2 analisis\ALL_SN_RESULTS_FINAL\per_configuration\iPCF2_24GHz_CamAne_SN_BW40MHz
iPCF2,24GHz,CamAne,SN,40,2,2,PASS,D:\iPCF2_24GHz_CamAne_SN_BW40MHz\Prueba_Siemens2\Test 2,D:\iPCF2_24GHz_CamAne_SN_BW40MHz\Prueba_Siemens2\Test 2\pcap\rep_1.pcap,20.0,40.0,iperf3_udp_sender,OK_UDP_FFMPEG_MATCH,Reference load taken from rate-controlled UDP sender summary (20 Mbps/STA). ffmpeg target=20 Mbps/STA; difference=0.000% <= tolerance 2.000%. TCP is retained as achieved throughput and is not required to match the reference load.,0.0,20.0,20.0,100.0,100.0,20.0,20.0,0.613,0.0,20.0,20.0,40.0,20.0,20.0,20.0,20.0,20,36,C:\Users\rarriaga\Documents\ipcf_2 analisis\ALL_SN_RESULTS_FINAL\per_configuration\iPCF2_24GHz_CamAne_SN_BW40MHz\Test_02,iPCF2_24GHz_CamAne_SN_BW40MHz,iPCF2_ON,C:\Users\rarriaga\Documents\ipcf_2 analisis\ALL_SN_RESULTS_FINAL\per_configuration\iPCF2_24GHz_CamAne_SN_BW40MHz
iPCF2,24GHz,CamAne,SN,40,3,3,PASS,D:\iPCF2_24GHz_CamAne_SN_BW40MHz\Prueba_Siemens2\Test 3,D:\iPCF2_24GHz_CamAne_SN_BW40MHz\Prueba_Siemens2\Test 3\pcap\rep_1.pcap,40.0,80.0,iperf3_udp_sender,OK_UDP_FFMPEG_MATCH,Reference load taken from rate-controlled UDP sender summary (40 Mbps/STA). ffmpeg target=40 Mbps/STA; difference=0.000% <= tolerance 2.000%. TCP is retained as achieved throughput and is not required to match the reference load.,0.0,40.0,40.0,100.0,100.0,40.0,40.0,0.332,0.0,40.0,40.0,80.0,40.0,40.0,40.0,40.0,20,36,C:\Users\rarriaga\Documents\ipcf_2 analisis\ALL_SN_RESULTS_FINAL\per_configuration\iPCF2_24GHz_CamAne_SN_BW40MHz\Test_03,iPCF2_24GHz_CamAne_SN_BW40MHz,iPCF2_ON,C:\Users\rarriaga\Documents\ipcf_2 analisis\ALL_SN_RESULTS_FINAL\per_configuration\iPCF2_24GHz_CamAne_SN_BW40MHz
iPCF2,24GHz,CamAne,SN,40,4,4,PASS,D:\iPCF2_24GHz_CamAne_SN_BW40MHz\Prueba_Siemens2\Test 4,D:\iPCF2_24GHz_CamAne_SN_BW40MHz\Prueba_Siemens2\Test 4\pcap\rep_1.pcap,60.0,120.0,iperf3_udp_sender,OK_UDP_FFMPEG_MATCH,Reference load taken from rate-controlled UDP sender summary (60 Mbps/STA). ffmpeg target=60 Mbps/STA; difference=0.000% <= tolerance 2.000%. TCP is retained as achieved throughput and is not required to match the reference load.,0.0,35.8,35.6,59.66666666666666,59.333333333333336,60.0,59.3,0.273,1.2,60.0,60.0,120.0,35.8,35.6,60.0,59.3,20,36,C:\Users\rarriaga\Documents\ipcf_2 analisis\ALL_SN_RESULTS_FINAL\per_configuration\iPCF2_24GHz_CamAne_SN_BW40MHz\Test_04,iPCF2_24GHz_CamAne_SN_BW40MHz,iPCF2_ON,C:\Users\rarriaga\Documents\ipcf_2 analisis\ALL_SN_RESULTS_FINAL\per_configuration\iPCF2_24GHz_CamAne_SN_BW40MHz
iPCF2,24GHz,CamAne,SN,40,5,5,PASS,D:\iPCF2_24GHz_CamAne_SN_BW40MHz\Prueba_Siemens2\Test 5,D:\iPCF2_24GHz_CamAne_SN_BW40MHz\Prueba_Siemens2\Test 5\pcap\rep_1.pcap,80.0,160.0,iperf3_udp_sender,OK_UDP_FFMPEG_MATCH,Reference load taken from rate-controlled UDP sender summary (80 Mbps/STA). ffmpeg target=80 Mbps/STA; difference=0.000% <= tolerance 2.000%. TCP is retained as achieved throughput and is not required to match the reference load.,0.0,37.5,37.3,46.875,46.62499999999999,80.0,55.5,0.208,30.0,80.0,80.0,160.0,37.5,37.3,80.0,55.5,17,36,C:\Users\rarriaga\Documents\ipcf_2 analisis\ALL_SN_RESULTS_FINAL\per_configuration\iPCF2_24GHz_CamAne_SN_BW40MHz\Test_05,iPCF2_24GHz_CamAne_SN_BW40MHz,iPCF2_ON,C:\Users\rarriaga\Documents\ipcf_2 analisis\ALL_SN_RESULTS_FINAL\per_configuration\iPCF2_24GHz_CamAne_SN_BW40MHz
iPCF2,5GHz,CamAne,SN,20,1,1,PASS,D:\iPCF2_5GHz_CamAne_SN_BW20MHz\Prueba_Siemens2\Test 1,D:\iPCF2_5GHz_CamAne_SN_BW20MHz\Prueba_Siemens2\Test 1\pcap\rep_1.pcap,5.0,10.0,iperf3_udp_sender,OK_UDP_FFMPEG_MATCH,Reference load taken from rate-controlled UDP sender summary (5 Mbps/STA). ffmpeg target=5 Mbps/STA; difference=0.000% <= tolerance 2.000%. TCP is retained as achieved throughput and is not required to match the reference load.,0.0,5.0,5.0,100.0,100.0,5.0,5.0,0.327,0.0,5.0,5.0,10.0,5.0,5.0,5.0,5.0,24,36,C:\Users\rarriaga\Documents\ipcf_2 analisis\ALL_SN_RESULTS_FINAL\per_configuration\iPCF2_5GHz_CamAne_SN_BW20MHz\Test_01,iPCF2_5GHz_CamAne_SN_BW20MHz,iPCF2_ON,C:\Users\rarriaga\Documents\ipcf_2 analisis\ALL_SN_RESULTS_FINAL\per_configuration\iPCF2_5GHz_CamAne_SN_BW20MHz
iPCF2,5GHz,CamAne,SN,20,2,2,PASS,D:\iPCF2_5GHz_CamAne_SN_BW20MHz\Prueba_Siemens2\Test 2,D:\iPCF2_5GHz_CamAne_SN_BW20MHz\Prueba_Siemens2\Test 2\pcap\rep_1.pcap,10.0,20.0,iperf3_udp_sender,OK_UDP_FFMPEG_MATCH,Reference load taken from rate-controlled UDP sender summary (10 Mbps/STA). ffmpeg target=10 Mbps/STA; difference=0.000% <= tolerance 2.000%. TCP is retained as achieved throughput and is not required to match the reference load.,0.0,10.0,10.0,100.0,100.0,10.0,10.0,0.38,0.0,10.0,10.0,20.0,10.0,10.0,10.0,10.0,20,36,C:\Users\rarriaga\Documents\ipcf_2 analisis\ALL_SN_RESULTS_FINAL\per_configuration\iPCF2_5GHz_CamAne_SN_BW20MHz\Test_02,iPCF2_5GHz_CamAne_SN_BW20MHz,iPCF2_ON,C:\Users\rarriaga\Documents\ipcf_2 analisis\ALL_SN_RESULTS_FINAL\per_configuration\iPCF2_5GHz_CamAne_SN_BW20MHz
iPCF2,5GHz,CamAne,SN,20,3,3,PASS,D:\iPCF2_5GHz_CamAne_SN_BW20MHz\Prueba_Siemens2\Test 3,D:\iPCF2_5GHz_CamAne_SN_BW20MHz\Prueba_Siemens2\Test 3\pcap\rep_1.pcap,15.0,30.0,iperf3_udp_sender,OK_UDP_FFMPEG_MATCH,Reference load taken from rate-controlled UDP sender summary (15 Mbps/STA). ffmpeg target=15 Mbps/STA; difference=0.000% <= tolerance 2.000%. TCP is retained as achieved throughput and is not required to match the reference load.,0.0,15.0,15.0,100.0,100.0,15.0,15.0,0.234,0.0,15.0,15.0,30.0,15.0,15.0,15.0,15.0,20,36,C:\Users\rarriaga\Documents\ipcf_2 analisis\ALL_SN_RESULTS_FINAL\per_configuration\iPCF2_5GHz_CamAne_SN_BW20MHz\Test_03,iPCF2_5GHz_CamAne_SN_BW20MHz,iPCF2_ON,C:\Users\rarriaga\Documents\ipcf_2 analisis\ALL_SN_RESULTS_FINAL\per_configuration\iPCF2_5GHz_CamAne_SN_BW20MHz
iPCF2,5GHz,CamAne,SN,20,4,4,PASS,D:\iPCF2_5GHz_CamAne_SN_BW20MHz\Prueba_Siemens2\Test 4,D:\iPCF2_5GHz_CamAne_SN_BW20MHz\Prueba_Siemens2\Test 4\pcap\rep_1.pcap,20.0,40.0,iperf3_udp_sender,OK_UDP_FFMPEG_MATCH,Reference load taken from rate-controlled UDP sender summary (20 Mbps/STA). ffmpeg target=20 Mbps/STA; difference=0.000% <= tolerance 2.000%. TCP is retained as achieved throughput and is not required to match the reference load.,0.0,20.0,20.0,100.0,100.0,20.0,20.0,0.436,0.0,20.0,20.0,40.0,20.0,20.0,20.0,20.0,20,36,C:\Users\rarriaga\Documents\ipcf_2 analisis\ALL_SN_RESULTS_FINAL\per_configuration\iPCF2_5GHz_CamAne_SN_BW20MHz\Test_04,iPCF2_5GHz_CamAne_SN_BW20MHz,iPCF2_ON,C:\Users\rarriaga\Documents\ipcf_2 analisis\ALL_SN_RESULTS_FINAL\per_configuration\iPCF2_5GHz_CamAne_SN_BW20MHz
iPCF2,5GHz,CamAne,SN,20,5,5,PASS,D:\iPCF2_5GHz_CamAne_SN_BW20MHz\Prueba_Siemens2\Test 5,D:\iPCF2_5GHz_CamAne_SN_BW20MHz\Prueba_Siemens2\Test 5\pcap\rep_1.pcap,25.0,50.0,iperf3_udp_sender,OK_UDP_FFMPEG_MATCH,Reference load taken from rate-controlled UDP sender summary (25 Mbps/STA). ffmpeg target=25 Mbps/STA; difference=0.000% <= tolerance 2.000%. TCP is retained as achieved throughput and is not required to match the reference load.,0.0,25.0,25.0,100.0,100.0,25.0,25.0,0.528,0.0,25.0,25.0,50.0,25.0,25.0,25.0,25.0,20,36,C:\Users\rarriaga\Documents\ipcf_2 analisis\ALL_SN_RESULTS_FINAL\per_configuration\iPCF2_5GHz_CamAne_SN_BW20MHz\Test_05,iPCF2_5GHz_CamAne_SN_BW20MHz,iPCF2_ON,C:\Users\rarriaga\Documents\ipcf_2 analisis\ALL_SN_RESULTS_FINAL\per_configuration\iPCF2_5GHz_CamAne_SN_BW20MHz
iPCF2,5GHz,CamAne,SN,20,6,6,PASS,D:\iPCF2_5GHz_CamAne_SN_BW20MHz\Prueba_Siemens2\Test 6,D:\iPCF2_5GHz_CamAne_SN_BW20MHz\Prueba_Siemens2\Test 6\pcap\rep_1.pcap,30.0,60.0,iperf3_udp_sender,OK_UDP_FFMPEG_MATCH,Reference load taken from rate-controlled UDP sender summary (30 Mbps/STA). ffmpeg target=30 Mbps/STA; difference=0.000% <= tolerance 2.000%. TCP is retained as achieved throughput and is not required to match the reference load.,0.0,26.5,26.4,88.33333333333333,88.0,30.0,30.0,0.419,0.0,30.0,30.0,60.0,26.5,26.4,30.0,30.0,20,36,C:\Users\rarriaga\Documents\ipcf_2 analisis\ALL_SN_RESULTS_FINAL\per_configuration\iPCF2_5GHz_CamAne_SN_BW20MHz\Test_06,iPCF2_5GHz_CamAne_SN_BW20MHz,iPCF2_ON,C:\Users\rarriaga\Documents\ipcf_2 analisis\ALL_SN_RESULTS_FINAL\per_configuration\iPCF2_5GHz_CamAne_SN_BW20MHz
iPCF2,5GHz,CamAne,SN,20,7,7,PASS,D:\iPCF2_5GHz_CamAne_SN_BW20MHz\Prueba_Siemens2\Test 7,D:\iPCF2_5GHz_CamAne_SN_BW20MHz\Prueba_Siemens2\Test 7\pcap\rep_1.pcap,35.0,70.0,iperf3_udp_sender,OK_UDP_FFMPEG_MATCH,Reference load taken from rate-controlled UDP sender summary (35 Mbps/STA). ffmpeg target=35 Mbps/STA; difference=0.000% <= tolerance 2.000%. TCP is retained as achieved throughput and is not required to match the reference load.,0.0,26.1,25.9,74.57142857142857,74.0,35.0,35.0,0.461,0.0,35.0,35.0,70.0,26.1,25.9,35.0,35.0,20,36,C:\Users\rarriaga\Documents\ipcf_2 analisis\ALL_SN_RESULTS_FINAL\per_configuration\iPCF2_5GHz_CamAne_SN_BW20MHz\Test_07,iPCF2_5GHz_CamAne_SN_BW20MHz,iPCF2_ON,C:\Users\rarriaga\Documents\ipcf_2 analisis\ALL_SN_RESULTS_FINAL\per_configuration\iPCF2_5GHz_CamAne_SN_BW20MHz
iPCF2,5GHz,CamAne,SN,20,8,8,PASS,D:\iPCF2_5GHz_CamAne_SN_BW20MHz\Prueba_Siemens2\Test 8,D:\iPCF2_5GHz_CamAne_SN_BW20MHz\Prueba_Siemens2\Test 8\pcap\rep_1.pcap,40.0,80.0,iperf3_udp_sender,OK_UDP_FFMPEG_MATCH,Reference load taken from rate-controlled UDP sender summary (40 Mbps/STA). ffmpeg target=40 Mbps/STA; difference=0.000% <= tolerance 2.000%. TCP is retained as achieved throughput and is not required to match the reference load.,0.0,26.8,26.7,67.0,66.75,40.0,35.8,0.344,10.0,40.0,40.0,80.0,26.8,26.7,40.0,35.8,20,36,C:\Users\rarriaga\Documents\ipcf_2 analisis\ALL_SN_RESULTS_FINAL\per_configuration\iPCF2_5GHz_CamAne_SN_BW20MHz\Test_08,iPCF2_5GHz_CamAne_SN_BW20MHz,iPCF2_ON,C:\Users\rarriaga\Documents\ipcf_2 analisis\ALL_SN_RESULTS_FINAL\per_configuration\iPCF2_5GHz_CamAne_SN_BW20MHz
iPCF2,5GHz,CamAne,SN,20,9,9,PASS,D:\iPCF2_5GHz_CamAne_SN_BW20MHz\Prueba_Siemens2\Test 9,D:\iPCF2_5GHz_CamAne_SN_BW20MHz\Prueba_Siemens2\Test 9\pcap\rep_1.pcap,45.0,90.0,iperf3_udp_sender,OK_UDP_FFMPEG_MATCH,Reference load taken from rate-controlled UDP sender summary (45 Mbps/STA). ffmpeg target=45 Mbps/STA; difference=0.000% <= tolerance 2.000%. TCP is retained as achieved throughput and is not required to match the reference load.,0.0,26.5,26.4,58.888888888888886,58.666666666666664,45.0,35.3,1.293,21.0,45.0,45.0,90.0,26.5,26.4,45.0,35.3,20,36,C:\Users\rarriaga\Documents\ipcf_2 analisis\ALL_SN_RESULTS_FINAL\per_configuration\iPCF2_5GHz_CamAne_SN_BW20MHz\Test_09,iPCF2_5GHz_CamAne_SN_BW20MHz,iPCF2_ON,C:\Users\rarriaga\Documents\ipcf_2 analisis\ALL_SN_RESULTS_FINAL\per_configuration\iPCF2_5GHz_CamAne_SN_BW20MHz
iPCF2,5GHz,CamAne,SN,20,10,10,PASS,D:\iPCF2_5GHz_CamAne_SN_BW20MHz\Prueba_Siemens2\Test 10,D:\iPCF2_5GHz_CamAne_SN_BW20MHz\Prueba_Siemens2\Test 10\pcap\rep_1.pcap,50.0,100.0,iperf3_udp_sender,OK_UDP_FFMPEG_MATCH,Reference load taken from rate-controlled UDP sender summary (50 Mbps/STA). ffmpeg target=50 Mbps/STA; difference=0.000% <= tolerance 2.000%. TCP is retained as achieved throughput and is not required to match the reference load.,0.0,26.3,26.1,52.6,52.2,50.0,35.6,1.006,29.0,50.0,50.0,100.0,26.3,26.1,50.0,35.6,20,36,C:\Users\rarriaga\Documents\ipcf_2 analisis\ALL_SN_RESULTS_FINAL\per_configuration\iPCF2_5GHz_CamAne_SN_BW20MHz\Test_10,iPCF2_5GHz_CamAne_SN_BW20MHz,iPCF2_ON,C:\Users\rarriaga\Documents\ipcf_2 analisis\ALL_SN_RESULTS_FINAL\per_configuration\iPCF2_5GHz_CamAne_SN_BW20MHz
iPCF2,5GHz,CamAne,SN,40,1,1,PASS,D:\iPCF2_5GHz_CamAne_SN_BW40MHz\Prueba_Siemens2\Test 1,D:\iPCF2_5GHz_CamAne_SN_BW40MHz\Prueba_Siemens2\Test 1\pcap\rep_1.pcap,10.0,20.0,iperf3_udp_sender,OK_UDP_FFMPEG_MATCH,Reference load taken from rate-controlled UDP sender summary (10 Mbps/STA). ffmpeg target=10 Mbps/STA; difference=0.000% <= tolerance 2.000%. TCP is retained as achieved throughput and is not required to match the reference load.,0.0,10.0,10.0,100.0,100.0,10.0,10.0,0.382,0.0,10.0,10.0,20.0,10.0,10.0,10.0,10.0,24,36,C:\Users\rarriaga\Documents\ipcf_2 analisis\ALL_SN_RESULTS_FINAL\per_configuration\iPCF2_5GHz_CamAne_SN_BW40MHz\Test_01,iPCF2_5GHz_CamAne_SN_BW40MHz,iPCF2_ON,C:\Users\rarriaga\Documents\ipcf_2 analisis\ALL_SN_RESULTS_FINAL\per_configuration\iPCF2_5GHz_CamAne_SN_BW40MHz
iPCF2,5GHz,CamAne,SN,40,2,2,PASS,D:\iPCF2_5GHz_CamAne_SN_BW40MHz\Prueba_Siemens2\Test 2,D:\iPCF2_5GHz_CamAne_SN_BW40MHz\Prueba_Siemens2\Test 2\pcap\rep_1.pcap,20.0,40.0,iperf3_udp_sender,OK_UDP_FFMPEG_MATCH,Reference load taken from rate-controlled UDP sender summary (20 Mbps/STA). ffmpeg target=20 Mbps/STA; difference=0.000% <= tolerance 2.000%. TCP is retained as achieved throughput and is not required to match the reference load.,0.0,20.0,20.0,100.0,100.0,20.0,20.0,0.358,0.0,20.0,20.0,40.0,20.0,20.0,20.0,20.0,20,36,C:\Users\rarriaga\Documents\ipcf_2 analisis\ALL_SN_RESULTS_FINAL\per_configuration\iPCF2_5GHz_CamAne_SN_BW40MHz\Test_02,iPCF2_5GHz_CamAne_SN_BW40MHz,iPCF2_ON,C:\Users\rarriaga\Documents\ipcf_2 analisis\ALL_SN_RESULTS_FINAL\per_configuration\iPCF2_5GHz_CamAne_SN_BW40MHz
iPCF2,5GHz,CamAne,SN,40,3,3,PASS,D:\iPCF2_5GHz_CamAne_SN_BW40MHz\Prueba_Siemens2\Test 3,D:\iPCF2_5GHz_CamAne_SN_BW40MHz\Prueba_Siemens2\Test 3\pcap\rep_1.pcap,30.0,60.0,iperf3_udp_sender,OK_UDP_FFMPEG_MATCH,Reference load taken from rate-controlled UDP sender summary (30 Mbps/STA). ffmpeg target=30 Mbps/STA; difference=0.000% <= tolerance 2.000%. TCP is retained as achieved throughput and is not required to match the reference load.,0.0,30.0,30.0,100.0,100.0,30.0,30.0,0.366,0.0,30.0,30.0,60.0,30.0,30.0,30.0,30.0,20,36,C:\Users\rarriaga\Documents\ipcf_2 analisis\ALL_SN_RESULTS_FINAL\per_configuration\iPCF2_5GHz_CamAne_SN_BW40MHz\Test_03,iPCF2_5GHz_CamAne_SN_BW40MHz,iPCF2_ON,C:\Users\rarriaga\Documents\ipcf_2 analisis\ALL_SN_RESULTS_FINAL\per_configuration\iPCF2_5GHz_CamAne_SN_BW40MHz
iPCF2,5GHz,CamAne,SN,40,4,4,PASS,D:\iPCF2_5GHz_CamAne_SN_BW40MHz\Prueba_Siemens2\Test 4,D:\iPCF2_5GHz_CamAne_SN_BW40MHz\Prueba_Siemens2\Test 4\pcap\rep_1.pcap,40.0,80.0,iperf3_udp_sender,OK_UDP_FFMPEG_MATCH,Reference load taken from rate-controlled UDP sender summary (40 Mbps/STA). ffmpeg target=40 Mbps/STA; difference=0.000% <= tolerance 2.000%. TCP is retained as achieved throughput and is not required to match the reference load.,0.0,40.0,40.0,100.0,100.0,40.0,40.0,0.367,0.0,40.0,40.0,80.0,40.0,40.0,40.0,40.0,20,36,C:\Users\rarriaga\Documents\ipcf_2 analisis\ALL_SN_RESULTS_FINAL\per_configuration\iPCF2_5GHz_CamAne_SN_BW40MHz\Test_04,iPCF2_5GHz_CamAne_SN_BW40MHz,iPCF2_ON,C:\Users\rarriaga\Documents\ipcf_2 analisis\ALL_SN_RESULTS_FINAL\per_configuration\iPCF2_5GHz_CamAne_SN_BW40MHz
iPCF2,5GHz,CamAne,SN,40,5,5,PASS,D:\iPCF2_5GHz_CamAne_SN_BW40MHz\Prueba_Siemens2\Test 5,D:\iPCF2_5GHz_CamAne_SN_BW40MHz\Prueba_Siemens2\Test 5\pcap\rep_1.pcap,50.0,100.0,iperf3_udp_sender,OK_UDP_FFMPEG_MATCH,Reference load taken from rate-controlled UDP sender summary (50 Mbps/STA). ffmpeg target=50 Mbps/STA; difference=0.000% <= tolerance 2.000%. TCP is retained as achieved throughput and is not required to match the reference load.,0.0,50.0,50.0,100.0,100.0,50.0,50.0,0.323,0.0,50.0,50.0,100.0,50.0,50.0,50.0,50.0,20,36,C:\Users\rarriaga\Documents\ipcf_2 analisis\ALL_SN_RESULTS_FINAL\per_configuration\iPCF2_5GHz_CamAne_SN_BW40MHz\Test_05,iPCF2_5GHz_CamAne_SN_BW40MHz,iPCF2_ON,C:\Users\rarriaga\Documents\ipcf_2 analisis\ALL_SN_RESULTS_FINAL\per_configuration\iPCF2_5GHz_CamAne_SN_BW40MHz
iPCF2,5GHz,CamAne,SN,40,6,6,PASS,D:\iPCF2_5GHz_CamAne_SN_BW40MHz\Prueba_Siemens2\Test 6,D:\iPCF2_5GHz_CamAne_SN_BW40MHz\Prueba_Siemens2\Test 6\pcap\rep_1.pcap,60.0,120.0,iperf3_udp_sender,OK_UDP_FFMPEG_MATCH,Reference load taken from rate-controlled UDP sender summary (60 Mbps/STA). ffmpeg target=60 Mbps/STA; difference=0.000% <= tolerance 2.000%. TCP is retained as achieved throughput and is not required to match the reference load.,0.0,58.7,58.6,97.83333333333333,97.66666666666667,60.0,60.0,0.263,0.0,60.0,60.0,120.0,58.7,58.6,60.0,60.0,20,36,C:\Users\rarriaga\Documents\ipcf_2 analisis\ALL_SN_RESULTS_FINAL\per_configuration\iPCF2_5GHz_CamAne_SN_BW40MHz\Test_06,iPCF2_5GHz_CamAne_SN_BW40MHz,iPCF2_ON,C:\Users\rarriaga\Documents\ipcf_2 analisis\ALL_SN_RESULTS_FINAL\per_configuration\iPCF2_5GHz_CamAne_SN_BW40MHz
iPCF2,5GHz,CamAne,SN,40,7,7,PASS,D:\iPCF2_5GHz_CamAne_SN_BW40MHz\Prueba_Siemens2\Test 7,D:\iPCF2_5GHz_CamAne_SN_BW40MHz\Prueba_Siemens2\Test 7\pcap\rep_1.pcap,70.0,140.0,iperf3_udp_sender,OK_UDP_FFMPEG_MATCH,Reference load taken from rate-controlled UDP sender summary (70 Mbps/STA). ffmpeg target=70 Mbps/STA; difference=0.000% <= tolerance 2.000%. TCP is retained as achieved throughput and is not required to match the reference load.,0.0,53.9,53.7,77.0,76.71428571428571,70.0,70.0,0.237,0.0,70.0,70.0,140.0,53.9,53.7,70.0,70.0,20,36,C:\Users\rarriaga\Documents\ipcf_2 analisis\ALL_SN_RESULTS_FINAL\per_configuration\iPCF2_5GHz_CamAne_SN_BW40MHz\Test_07,iPCF2_5GHz_CamAne_SN_BW40MHz,iPCF2_ON,C:\Users\rarriaga\Documents\ipcf_2 analisis\ALL_SN_RESULTS_FINAL\per_configuration\iPCF2_5GHz_CamAne_SN_BW40MHz
iPCF2,5GHz,CamAne,SN,40,8,8,PASS,D:\iPCF2_5GHz_CamAne_SN_BW40MHz\Prueba_Siemens2\Test 8,D:\iPCF2_5GHz_CamAne_SN_BW40MHz\Prueba_Siemens2\Test 8\pcap\rep_1.pcap,80.0,160.0,iperf3_udp_sender,OK_UDP_FFMPEG_MATCH,Reference load taken from rate-controlled UDP sender summary (80 Mbps/STA). ffmpeg target=80 Mbps/STA; difference=0.000% <= tolerance 2.000%. TCP is retained as achieved throughput and is not required to match the reference load.,0.0,56.7,56.5,70.875,70.625,80.0,76.7,0.532,3.4,80.0,80.0,160.0,56.7,56.5,80.0,76.7,20,36,C:\Users\rarriaga\Documents\ipcf_2 analisis\ALL_SN_RESULTS_FINAL\per_configuration\iPCF2_5GHz_CamAne_SN_BW40MHz\Test_08,iPCF2_5GHz_CamAne_SN_BW40MHz,iPCF2_ON,C:\Users\rarriaga\Documents\ipcf_2 analisis\ALL_SN_RESULTS_FINAL\per_configuration\iPCF2_5GHz_CamAne_SN_BW40MHz
iPCF2,5GHz,CamAne,SN,80,1,1,PASS,D:\iPCF2_5GHz_CamAne_SN_BW80MHz\Prueba_Siemens2\Test 1,D:\iPCF2_5GHz_CamAne_SN_BW80MHz\Prueba_Siemens2\Test 1\pcap\rep_1.pcap,20.0,40.0,iperf3_udp_sender,OK_UDP_FFMPEG_MATCH,Reference load taken from rate-controlled UDP sender summary (20 Mbps/STA). ffmpeg target=20 Mbps/STA; difference=0.000% <= tolerance 2.000%. TCP is retained as achieved throughput and is not required to match the reference load.,0.0,20.0,20.0,100.0,100.0,20.0,20.0,0.21,0.0,20.0,20.0,40.0,20.0,20.0,20.0,20.0,24,36,C:\Users\rarriaga\Documents\ipcf_2 analisis\ALL_SN_RESULTS_FINAL\per_configuration\iPCF2_5GHz_CamAne_SN_BW80MHz\Test_01,iPCF2_5GHz_CamAne_SN_BW80MHz,iPCF2_ON,C:\Users\rarriaga\Documents\ipcf_2 analisis\ALL_SN_RESULTS_FINAL\per_configuration\iPCF2_5GHz_CamAne_SN_BW80MHz
iPCF2,5GHz,CamAne,SN,80,2,2,PASS,D:\iPCF2_5GHz_CamAne_SN_BW80MHz\Prueba_Siemens2\Test 2,D:\iPCF2_5GHz_CamAne_SN_BW80MHz\Prueba_Siemens2\Test 2\pcap\rep_1.pcap,40.0,80.0,iperf3_udp_sender,OK_UDP_FFMPEG_MATCH,Reference load taken from rate-controlled UDP sender summary (40 Mbps/STA). ffmpeg target=40 Mbps/STA; difference=0.000% <= tolerance 2.000%. TCP is retained as achieved throughput and is not required to match the reference load.,0.0,40.0,40.0,100.0,100.0,40.0,40.0,0.383,0.0,40.0,40.0,80.0,40.0,40.0,40.0,40.0,20,36,C:\Users\rarriaga\Documents\ipcf_2 analisis\ALL_SN_RESULTS_FINAL\per_configuration\iPCF2_5GHz_CamAne_SN_BW80MHz\Test_02,iPCF2_5GHz_CamAne_SN_BW80MHz,iPCF2_ON,C:\Users\rarriaga\Documents\ipcf_2 analisis\ALL_SN_RESULTS_FINAL\per_configuration\iPCF2_5GHz_CamAne_SN_BW80MHz
iPCF2,5GHz,CamAne,SN,80,3,3,PASS,D:\iPCF2_5GHz_CamAne_SN_BW80MHz\Prueba_Siemens2\Test 3,D:\iPCF2_5GHz_CamAne_SN_BW80MHz\Prueba_Siemens2\Test 3\pcap\rep_1.pcap,60.0,120.0,iperf3_udp_sender,OK_UDP_FFMPEG_MATCH,Reference load taken from rate-controlled UDP sender summary (60 Mbps/STA). ffmpeg target=60 Mbps/STA; difference=0.000% <= tolerance 2.000%. TCP is retained as achieved throughput and is not required to match the reference load.,0.0,60.0,60.0,100.0,100.0,60.0,60.0,0.265,0.0,60.0,60.0,120.0,60.0,60.0,60.0,60.0,20,36,C:\Users\rarriaga\Documents\ipcf_2 analisis\ALL_SN_RESULTS_FINAL\per_configuration\iPCF2_5GHz_CamAne_SN_BW80MHz\Test_03,iPCF2_5GHz_CamAne_SN_BW80MHz,iPCF2_ON,C:\Users\rarriaga\Documents\ipcf_2 analisis\ALL_SN_RESULTS_FINAL\per_configuration\iPCF2_5GHz_CamAne_SN_BW80MHz
iPCF2,5GHz,CamAne,SN,80,4,4,PASS,D:\iPCF2_5GHz_CamAne_SN_BW80MHz\Prueba_Siemens2\Test 4,D:\iPCF2_5GHz_CamAne_SN_BW80MHz\Prueba_Siemens2\Test 4\pcap\rep_1.pcap,80.0,160.0,iperf3_udp_sender,OK_UDP_FFMPEG_MATCH,Reference load taken from rate-controlled UDP sender summary (80 Mbps/STA). ffmpeg target=80 Mbps/STA; difference=0.000% <= tolerance 2.000%. TCP is retained as achieved throughput and is not required to match the reference load.,0.0,80.0,80.0,100.0,100.0,80.0,80.0,0.193,0.0,80.0,80.0,160.0,80.0,80.0,80.0,80.0,20,36,C:\Users\rarriaga\Documents\ipcf_2 analisis\ALL_SN_RESULTS_FINAL\per_configuration\iPCF2_5GHz_CamAne_SN_BW80MHz\Test_04,iPCF2_5GHz_CamAne_SN_BW80MHz,iPCF2_ON,C:\Users\rarriaga\Documents\ipcf_2 analisis\ALL_SN_RESULTS_FINAL\per_configuration\iPCF2_5GHz_CamAne_SN_BW80MHz
iPCF2,5GHz,CamAne,SN,80,5,5,PASS,D:\iPCF2_5GHz_CamAne_SN_BW80MHz\Prueba_Siemens2\Test 5,D:\iPCF2_5GHz_CamAne_SN_BW80MHz\Prueba_Siemens2\Test 5\pcap\rep_1.pcap,100.0,200.0,iperf3_udp_sender,OK_UDP_FFMPEG_MATCH,Reference load taken from rate-controlled UDP sender summary (100 Mbps/STA). ffmpeg target=100 Mbps/STA; difference=0.000% <= tolerance 2.000%. TCP is retained as achieved throughput and is not required to match the reference load.,0.0,100.0,100.0,100.0,100.0,100.0,100.0,0.159,0.0,100.0,100.0,200.0,100.0,100.0,100.0,100.0,20,36,C:\Users\rarriaga\Documents\ipcf_2 analisis\ALL_SN_RESULTS_FINAL\per_configuration\iPCF2_5GHz_CamAne_SN_BW80MHz\Test_05,iPCF2_5GHz_CamAne_SN_BW80MHz,iPCF2_ON,C:\Users\rarriaga\Documents\ipcf_2 analisis\ALL_SN_RESULTS_FINAL\per_configuration\iPCF2_5GHz_CamAne_SN_BW80MHz
iPCF2,5GHz,CamAne,SN,80,6,6,PASS,D:\iPCF2_5GHz_CamAne_SN_BW80MHz\Prueba_Siemens2\Test 6,D:\iPCF2_5GHz_CamAne_SN_BW80MHz\Prueba_Siemens2\Test 6\pcap\rep_1.pcap,120.0,240.0,iperf3_udp_sender,OK_UDP_FFMPEG_MATCH,Reference load taken from rate-controlled UDP sender summary (120 Mbps/STA). ffmpeg target=120 Mbps/STA; difference=0.000% <= tolerance 2.000%. TCP is retained as achieved throughput and is not required to match the reference load.,0.0,120.0,120.0,100.0,100.0,120.0,120.0,0.123,0.0,120.0,120.0,240.0,120.0,120.0,120.0,120.0,20,36,C:\Users\rarriaga\Documents\ipcf_2 analisis\ALL_SN_RESULTS_FINAL\per_configuration\iPCF2_5GHz_CamAne_SN_BW80MHz\Test_06,iPCF2_5GHz_CamAne_SN_BW80MHz,iPCF2_ON,C:\Users\rarriaga\Documents\ipcf_2 analisis\ALL_SN_RESULTS_FINAL\per_configuration\iPCF2_5GHz_CamAne_SN_BW80MHz
iPCF2,5GHz,CamAne,SN,80,7,7,PASS,D:\iPCF2_5GHz_CamAne_SN_BW80MHz\Prueba_Siemens2\Test 7,D:\iPCF2_5GHz_CamAne_SN_BW80MHz\Prueba_Siemens2\Test 7\pcap\rep_1.pcap,140.0,280.0,iperf3_udp_sender,OK_UDP_FFMPEG_MATCH,Reference load taken from rate-controlled UDP sender summary (140 Mbps/STA). ffmpeg target=140 Mbps/STA; difference=0.000% <= tolerance 2.000%. TCP is retained as achieved throughput and is not required to match the reference load.,0.0,122.0,122.0,87.14285714285714,87.14285714285714,140.0,140.0,0.099,0.026,140.0,140.0,280.0,122.0,122.0,140.0,140.0,20,36,C:\Users\rarriaga\Documents\ipcf_2 analisis\ALL_SN_RESULTS_FINAL\per_configuration\iPCF2_5GHz_CamAne_SN_BW80MHz\Test_07,iPCF2_5GHz_CamAne_SN_BW80MHz,iPCF2_ON,C:\Users\rarriaga\Documents\ipcf_2 analisis\ALL_SN_RESULTS_FINAL\per_configuration\iPCF2_5GHz_CamAne_SN_BW80MHz
iPCF2,5GHz,CamAne,SN,80,8,8,PASS,D:\iPCF2_5GHz_CamAne_SN_BW80MHz\Prueba_Siemens2\Test 8,D:\iPCF2_5GHz_CamAne_SN_BW80MHz\Prueba_Siemens2\Test 8\pcap\rep_1.pcap,160.0,320.0,iperf3_udp_sender,OK_UDP_FFMPEG_MATCH,Reference load taken from rate-controlled UDP sender summary (160 Mbps/STA). ffmpeg target=160 Mbps/STA; difference=0.000% <= tolerance 2.000%. TCP is retained as achieved throughput and is not required to match the reference load.,0.0,125.0,125.0,78.125,78.125,160.0,143.0,0.103,10.0,160.0,160.0,320.0,125.0,125.0,160.0,143.0,20,36,C:\Users\rarriaga\Documents\ipcf_2 analisis\ALL_SN_RESULTS_FINAL\per_configuration\iPCF2_5GHz_CamAne_SN_BW80MHz\Test_08,iPCF2_5GHz_CamAne_SN_BW80MHz,iPCF2_ON,C:\Users\rarriaga\Documents\ipcf_2 analisis\ALL_SN_RESULTS_FINAL\per_configuration\iPCF2_5GHz_CamAne_SN_BW80MHz
iPCF2,5GHz,Lab,SN,20,1,1,PASS,D:\iPCF2_5GHz_Lab_SN_BW20MHz\Prueba_Siemens2\Test 1,D:\iPCF2_5GHz_Lab_SN_BW20MHz\Prueba_Siemens2\Test 1\pcap\rep_1.pcap,20.0,40.0,iperf3_udp_sender,OK_UDP_FFMPEG_MATCH,Reference load taken from rate-controlled UDP sender summary (20 Mbps/STA). ffmpeg target=20 Mbps/STA; difference=0.000% <= tolerance 2.000%. TCP is retained as achieved throughput and is not required to match the reference load.,0.0,20.0,20.0,100.0,100.0,20.0,20.0,0.272,0.0,20.0,20.0,40.0,20.0,20.0,20.0,20.0,24,36,C:\Users\rarriaga\Documents\ipcf_2 analisis\ALL_SN_RESULTS_FINAL\per_configuration\iPCF2_5GHz_Lab_SN_BW20MHz\Test_01,iPCF2_5GHz_Lab_SN_BW20MHz,iPCF2_ON,C:\Users\rarriaga\Documents\ipcf_2 analisis\ALL_SN_RESULTS_FINAL\per_configuration\iPCF2_5GHz_Lab_SN_BW20MHz
iPCF2,5GHz,Lab,SN,20,2,2,PASS,D:\iPCF2_5GHz_Lab_SN_BW20MHz\Prueba_Siemens2\Test 2,D:\iPCF2_5GHz_Lab_SN_BW20MHz\Prueba_Siemens2\Test 2\pcap\rep_1.pcap,40.0,80.0,iperf3_udp_sender,OK_UDP_FFMPEG_MATCH,Reference load taken from rate-controlled UDP sender summary (40 Mbps/STA). ffmpeg target=40 Mbps/STA; difference=0.000% <= tolerance 2.000%. TCP is retained as achieved throughput and is not required to match the reference load.,0.0,28.5,28.4,71.25,71.0,40.0,39.0,0.353,2.3,40.0,40.0,80.0,28.5,28.4,40.0,39.0,20,36,C:\Users\rarriaga\Documents\ipcf_2 analisis\ALL_SN_RESULTS_FINAL\per_configuration\iPCF2_5GHz_Lab_SN_BW20MHz\Test_02,iPCF2_5GHz_Lab_SN_BW20MHz,iPCF2_ON,C:\Users\rarriaga\Documents\ipcf_2 analisis\ALL_SN_RESULTS_FINAL\per_configuration\iPCF2_5GHz_Lab_SN_BW20MHz
iPCF2,5GHz,Lab,SN,20,3,3,PASS,D:\iPCF2_5GHz_Lab_SN_BW20MHz\Prueba_Siemens2\Test 3,D:\iPCF2_5GHz_Lab_SN_BW20MHz\Prueba_Siemens2\Test 3\pcap\rep_1.pcap,50.0,100.0,iperf3_udp_sender,OK_UDP_FFMPEG_MATCH,Reference load taken from rate-controlled UDP sender summary (50 Mbps/STA). ffmpeg target=50 Mbps/STA; difference=0.000% <= tolerance 2.000%. TCP is retained as achieved throughput and is not required to match the reference load.,0.0,28.5,28.3,57.0,56.6,50.0,37.1,0.489,26.0,50.0,50.0,100.0,28.5,28.3,50.0,37.1,20,36,C:\Users\rarriaga\Documents\ipcf_2 analisis\ALL_SN_RESULTS_FINAL\per_configuration\iPCF2_5GHz_Lab_SN_BW20MHz\Test_03,iPCF2_5GHz_Lab_SN_BW20MHz,iPCF2_ON,C:\Users\rarriaga\Documents\ipcf_2 analisis\ALL_SN_RESULTS_FINAL\per_configuration\iPCF2_5GHz_Lab_SN_BW20MHz
iPCF2,5GHz,Lab,SN,40,1,1,PASS,D:\iPCF2_5GHz_Lab_SN_BW40MHz\Prueba_Siemens2\Test 1,D:\iPCF2_5GHz_Lab_SN_BW40MHz\Prueba_Siemens2\Test 1\pcap\rep_1.pcap,20.0,40.0,iperf3_udp_sender,OK_UDP_FFMPEG_MATCH,Reference load taken from rate-controlled UDP sender summary (20 Mbps/STA). ffmpeg target=20 Mbps/STA; difference=0.000% <= tolerance 2.000%. TCP is retained as achieved throughput and is not required to match the reference load.,0.0,20.0,20.0,100.0,100.0,20.0,20.0,0.279,0.0,20.0,20.0,40.0,20.0,20.0,20.0,20.0,24,36,C:\Users\rarriaga\Documents\ipcf_2 analisis\ALL_SN_RESULTS_FINAL\per_configuration\iPCF2_5GHz_Lab_SN_BW40MHz\Test_01,iPCF2_5GHz_Lab_SN_BW40MHz,iPCF2_ON,C:\Users\rarriaga\Documents\ipcf_2 analisis\ALL_SN_RESULTS_FINAL\per_configuration\iPCF2_5GHz_Lab_SN_BW40MHz
iPCF2,5GHz,Lab,SN,40,2,2,PASS,D:\iPCF2_5GHz_Lab_SN_BW40MHz\Prueba_Siemens2\Test 2,D:\iPCF2_5GHz_Lab_SN_BW40MHz\Prueba_Siemens2\Test 2\pcap\rep_1.pcap,50.0,100.0,iperf3_udp_sender,OK_UDP_FFMPEG_MATCH,Reference load taken from rate-controlled UDP sender summary (50 Mbps/STA). ffmpeg target=50 Mbps/STA; difference=0.000% <= tolerance 2.000%. TCP is retained as achieved throughput and is not required to match the reference load.,0.0,50.0,50.0,100.0,100.0,50.0,50.0,0.316,0.0046,50.0,50.0,100.0,50.0,50.0,50.0,50.0,20,36,C:\Users\rarriaga\Documents\ipcf_2 analisis\ALL_SN_RESULTS_FINAL\per_configuration\iPCF2_5GHz_Lab_SN_BW40MHz\Test_02,iPCF2_5GHz_Lab_SN_BW40MHz,iPCF2_ON,C:\Users\rarriaga\Documents\ipcf_2 analisis\ALL_SN_RESULTS_FINAL\per_configuration\iPCF2_5GHz_Lab_SN_BW40MHz
iPCF2,5GHz,Lab,SN,40,3,3,PASS,D:\iPCF2_5GHz_Lab_SN_BW40MHz\Prueba_Siemens2\Test 3,D:\iPCF2_5GHz_Lab_SN_BW40MHz\Prueba_Siemens2\Test 3\pcap\rep_1.pcap,100.0,200.0,iperf3_udp_sender,OK_UDP_FFMPEG_MATCH,Reference load taken from rate-controlled UDP sender summary (100 Mbps/STA). ffmpeg target=100 Mbps/STA; difference=0.000% <= tolerance 2.000%. TCP is retained as achieved throughput and is not required to match the reference load.,0.0,53.7,53.5,53.7,53.5,100.0,74.7,0.232,25.0,100.0,100.0,200.0,53.7,53.5,100.0,74.7,20,36,C:\Users\rarriaga\Documents\ipcf_2 analisis\ALL_SN_RESULTS_FINAL\per_configuration\iPCF2_5GHz_Lab_SN_BW40MHz\Test_03,iPCF2_5GHz_Lab_SN_BW40MHz,iPCF2_ON,C:\Users\rarriaga\Documents\ipcf_2 analisis\ALL_SN_RESULTS_FINAL\per_configuration\iPCF2_5GHz_Lab_SN_BW40MHz
iPCF2,5GHz,Lab,SN,40,4,4,PASS,D:\iPCF2_5GHz_Lab_SN_BW40MHz\Prueba_Siemens2\Test 4,D:\iPCF2_5GHz_Lab_SN_BW40MHz\Prueba_Siemens2\Test 4\pcap\rep_1.pcap,140.0,280.0,iperf3_udp_sender,OK_UDP_FFMPEG_MATCH,Reference load taken from rate-controlled UDP sender summary (140 Mbps/STA). ffmpeg target=140 Mbps/STA; difference=0.000% <= tolerance 2.000%. TCP is retained as achieved throughput and is not required to match the reference load.,0.0,67.1,66.9,47.92857142857142,47.78571428571429,140.0,68.3,0.115,51.0,140.0,140.0,280.0,67.1,66.9,140.0,68.3,20,36,C:\Users\rarriaga\Documents\ipcf_2 analisis\ALL_SN_RESULTS_FINAL\per_configuration\iPCF2_5GHz_Lab_SN_BW40MHz\Test_04,iPCF2_5GHz_Lab_SN_BW40MHz,iPCF2_ON,C:\Users\rarriaga\Documents\ipcf_2 analisis\ALL_SN_RESULTS_FINAL\per_configuration\iPCF2_5GHz_Lab_SN_BW40MHz
iPCF2,5GHz,Lab,SN,80,1,1,PASS,D:\iPCF2_5GHz_Lab_SN_BW80MHz\Prueba_Siemens2\Test 1,D:\iPCF2_5GHz_Lab_SN_BW80MHz\Prueba_Siemens2\Test 1\pcap\rep_1.pcap,100.0,200.0,iperf3_udp_sender,OK_UDP_FFMPEG_MATCH,Reference load taken from rate-controlled UDP sender summary (100 Mbps/STA). ffmpeg target=100 Mbps/STA; difference=0.000% <= tolerance 2.000%. TCP is retained as achieved throughput and is not required to match the reference load.,0.0,100.0,100.0,100.0,100.0,100.0,100.0,0.176,0.018,100.0,100.0,200.0,100.0,100.0,100.0,100.0,24,36,C:\Users\rarriaga\Documents\ipcf_2 analisis\ALL_SN_RESULTS_FINAL\per_configuration\iPCF2_5GHz_Lab_SN_BW80MHz\Test_01,iPCF2_5GHz_Lab_SN_BW80MHz,iPCF2_ON,C:\Users\rarriaga\Documents\ipcf_2 analisis\ALL_SN_RESULTS_FINAL\per_configuration\iPCF2_5GHz_Lab_SN_BW80MHz
iPCF2,5GHz,Lab,SN,80,2,2,PASS,D:\iPCF2_5GHz_Lab_SN_BW80MHz\Prueba_Siemens2\Test 2,D:\iPCF2_5GHz_Lab_SN_BW80MHz\Prueba_Siemens2\Test 2\pcap\rep_1.pcap,150.0,300.0,iperf3_udp_sender,OK_UDP_FFMPEG_MATCH,Reference load taken from rate-controlled UDP sender summary (150 Mbps/STA). ffmpeg target=150 Mbps/STA; difference=0.000% <= tolerance 2.000%. TCP is retained as achieved throughput and is not required to match the reference load.,0.0,141.0,141.0,94.0,94.0,150.0,139.0,0.083,7.5,150.0,150.0,300.0,141.0,141.0,150.0,139.0,20,36,C:\Users\rarriaga\Documents\ipcf_2 analisis\ALL_SN_RESULTS_FINAL\per_configuration\iPCF2_5GHz_Lab_SN_BW80MHz\Test_02,iPCF2_5GHz_Lab_SN_BW80MHz,iPCF2_ON,C:\Users\rarriaga\Documents\ipcf_2 analisis\ALL_SN_RESULTS_FINAL\per_configuration\iPCF2_5GHz_Lab_SN_BW80MHz
iWLAN,24GHz,CamAne,SN,20,1,1,PASS,D:\iWLAN_24GHz_CamAne_SN_BW20MHz\Prueba_Siemens2\Test 1,D:\iWLAN_24GHz_CamAne_SN_BW20MHz\Prueba_Siemens2\Test 1\pcap\rep_1.pcap,10.0,20.0,iperf3_udp_sender,OK_UDP_FFMPEG_MATCH,Reference load taken from rate-controlled UDP sender summary (10 Mbps/STA). ffmpeg target=10 Mbps/STA; difference=0.000% <= tolerance 2.000%. TCP is retained as achieved throughput and is not required to match the reference load.,0.0,10.0,10.0,100.0,100.0,10.0,10.0,0.995,0.0,10.0,10.0,20.0,10.0,10.0,10.0,10.0,24,36,C:\Users\rarriaga\Documents\ipcf_2 analisis\ALL_SN_RESULTS_FINAL\per_configuration\iWLAN_24GHz_CamAne_SN_BW20MHz\Test_01,iWLAN_24GHz_CamAne_SN_BW20MHz,iPCF2_OFF_iWLAN,C:\Users\rarriaga\Documents\ipcf_2 analisis\ALL_SN_RESULTS_FINAL\per_configuration\iWLAN_24GHz_CamAne_SN_BW20MHz
iWLAN,24GHz,CamAne,SN,20,2,2,PASS,D:\iWLAN_24GHz_CamAne_SN_BW20MHz\Prueba_Siemens2\Test 2,D:\iWLAN_24GHz_CamAne_SN_BW20MHz\Prueba_Siemens2\Test 2\pcap\rep_1.pcap,20.0,40.0,iperf3_udp_sender,OK_UDP_FFMPEG_MATCH,Reference load taken from rate-controlled UDP sender summary (20 Mbps/STA). ffmpeg target=20 Mbps/STA; difference=0.000% <= tolerance 2.000%. TCP is retained as achieved throughput and is not required to match the reference load.,0.0,20.0,20.0,100.0,100.0,20.0,20.0,0.609,0.0,20.0,20.0,40.0,20.0,20.0,20.0,20.0,20,36,C:\Users\rarriaga\Documents\ipcf_2 analisis\ALL_SN_RESULTS_FINAL\per_configuration\iWLAN_24GHz_CamAne_SN_BW20MHz\Test_02,iWLAN_24GHz_CamAne_SN_BW20MHz,iPCF2_OFF_iWLAN,C:\Users\rarriaga\Documents\ipcf_2 analisis\ALL_SN_RESULTS_FINAL\per_configuration\iWLAN_24GHz_CamAne_SN_BW20MHz
iWLAN,24GHz,CamAne,SN,20,3,3,PASS,D:\iWLAN_24GHz_CamAne_SN_BW20MHz\Prueba_Siemens2\Test 3,D:\iWLAN_24GHz_CamAne_SN_BW20MHz\Prueba_Siemens2\Test 3\pcap\rep_1.pcap,30.0,60.0,iperf3_udp_sender,OK_UDP_FFMPEG_MATCH,Reference load taken from rate-controlled UDP sender summary (30 Mbps/STA). ffmpeg target=30 Mbps/STA; difference=0.000% <= tolerance 2.000%. TCP is retained as achieved throughput and is not required to match the reference load.,0.0,22.9,22.9,76.33333333333333,76.33333333333333,30.0,30.0,0.414,0.0,30.0,30.0,60.0,22.9,22.9,30.0,30.0,20,36,C:\Users\rarriaga\Documents\ipcf_2 analisis\ALL_SN_RESULTS_FINAL\per_configuration\iWLAN_24GHz_CamAne_SN_BW20MHz\Test_03,iWLAN_24GHz_CamAne_SN_BW20MHz,iPCF2_OFF_iWLAN,C:\Users\rarriaga\Documents\ipcf_2 analisis\ALL_SN_RESULTS_FINAL\per_configuration\iWLAN_24GHz_CamAne_SN_BW20MHz
iWLAN,24GHz,CamAne,SN,20,4,4,PASS,D:\iWLAN_24GHz_CamAne_SN_BW20MHz\Prueba_Siemens2\Test 4,D:\iWLAN_24GHz_CamAne_SN_BW20MHz\Prueba_Siemens2\Test 4\pcap\rep_1.pcap,40.0,80.0,iperf3_udp_sender,OK_UDP_FFMPEG_MATCH,Reference load taken from rate-controlled UDP sender summary (40 Mbps/STA). ffmpeg target=40 Mbps/STA; difference=0.000% <= tolerance 2.000%. TCP is retained as achieved throughput and is not required to match the reference load.,0.0,19.9,19.8,49.74999999999999,49.5,40.0,40.0,0.35,0.0,40.0,40.0,80.0,19.9,19.8,40.0,40.0,20,36,C:\Users\rarriaga\Documents\ipcf_2 analisis\ALL_SN_RESULTS_FINAL\per_configuration\iWLAN_24GHz_CamAne_SN_BW20MHz\Test_04,iWLAN_24GHz_CamAne_SN_BW20MHz,iPCF2_OFF_iWLAN,C:\Users\rarriaga\Documents\ipcf_2 analisis\ALL_SN_RESULTS_FINAL\per_configuration\iWLAN_24GHz_CamAne_SN_BW20MHz
iWLAN,24GHz,CamAne,SN,20,5,5,PASS,D:\iWLAN_24GHz_CamAne_SN_BW20MHz\Prueba_Siemens2\Test 5,D:\iWLAN_24GHz_CamAne_SN_BW20MHz\Prueba_Siemens2\Test 5\pcap\rep_1.pcap,50.0,100.0,iperf3_udp_sender,OK_UDP_FFMPEG_MATCH,Reference load taken from rate-controlled UDP sender summary (50 Mbps/STA). ffmpeg target=50 Mbps/STA; difference=0.000% <= tolerance 2.000%. TCP is retained as achieved throughput and is not required to match the reference load.,0.0,18.7,18.7,37.4,37.4,50.0,50.0,0.306,0.0,50.0,50.0,100.0,18.7,18.7,50.0,50.0,20,36,C:\Users\rarriaga\Documents\ipcf_2 analisis\ALL_SN_RESULTS_FINAL\per_configuration\iWLAN_24GHz_CamAne_SN_BW20MHz\Test_05,iWLAN_24GHz_CamAne_SN_BW20MHz,iPCF2_OFF_iWLAN,C:\Users\rarriaga\Documents\ipcf_2 analisis\ALL_SN_RESULTS_FINAL\per_configuration\iWLAN_24GHz_CamAne_SN_BW20MHz
iWLAN,24GHz,CamAne,SN,20,6,6,PASS,D:\iWLAN_24GHz_CamAne_SN_BW20MHz\Prueba_Siemens2\Test 6,D:\iWLAN_24GHz_CamAne_SN_BW20MHz\Prueba_Siemens2\Test 6\pcap\rep_1.pcap,60.0,120.0,iperf3_udp_sender,OK_UDP_FFMPEG_MATCH,Reference load taken from rate-controlled UDP sender summary (60 Mbps/STA). ffmpeg target=60 Mbps/STA; difference=0.000% <= tolerance 2.000%. TCP is retained as achieved throughput and is not required to match the reference load.,0.0,18.9,18.9,31.499999999999996,31.499999999999996,60.0,51.4,0.229,14.0,60.0,60.0,120.0,18.9,18.9,60.0,51.4,20,36,C:\Users\rarriaga\Documents\ipcf_2 analisis\ALL_SN_RESULTS_FINAL\per_configuration\iWLAN_24GHz_CamAne_SN_BW20MHz\Test_06,iWLAN_24GHz_CamAne_SN_BW20MHz,iPCF2_OFF_iWLAN,C:\Users\rarriaga\Documents\ipcf_2 analisis\ALL_SN_RESULTS_FINAL\per_configuration\iWLAN_24GHz_CamAne_SN_BW20MHz
iWLAN,24GHz,CamAne,SN,40,1,1,PASS,D:\iWLAN_24GHz_CamAne_SN_BW40MHz\Prueba_Siemens2\Test 1,D:\iWLAN_24GHz_CamAne_SN_BW40MHz\Prueba_Siemens2\Test 1\pcap\rep_1.pcap,20.0,40.0,iperf3_udp_sender,OK_UDP_FFMPEG_MATCH,Reference load taken from rate-controlled UDP sender summary (20 Mbps/STA). ffmpeg target=20 Mbps/STA; difference=0.000% <= tolerance 2.000%. TCP is retained as achieved throughput and is not required to match the reference load.,0.0,20.0,20.0,100.0,100.0,20.0,20.0,0.246,0.0,20.0,20.0,40.0,20.0,20.0,20.0,20.0,24,36,C:\Users\rarriaga\Documents\ipcf_2 analisis\ALL_SN_RESULTS_FINAL\per_configuration\iWLAN_24GHz_CamAne_SN_BW40MHz\Test_01,iWLAN_24GHz_CamAne_SN_BW40MHz,iPCF2_OFF_iWLAN,C:\Users\rarriaga\Documents\ipcf_2 analisis\ALL_SN_RESULTS_FINAL\per_configuration\iWLAN_24GHz_CamAne_SN_BW40MHz
iWLAN,24GHz,CamAne,SN,40,2,2,PASS,D:\iWLAN_24GHz_CamAne_SN_BW40MHz\Prueba_Siemens2\Test 2,D:\iWLAN_24GHz_CamAne_SN_BW40MHz\Prueba_Siemens2\Test 2\pcap\rep_1.pcap,40.0,80.0,iperf3_udp_sender,OK_UDP_FFMPEG_MATCH,Reference load taken from rate-controlled UDP sender summary (40 Mbps/STA). ffmpeg target=40 Mbps/STA; difference=0.000% <= tolerance 2.000%. TCP is retained as achieved throughput and is not required to match the reference load.,0.0,40.0,40.0,100.0,100.0,40.0,40.0,0.35,0.0,40.0,40.0,80.0,40.0,40.0,40.0,40.0,20,36,C:\Users\rarriaga\Documents\ipcf_2 analisis\ALL_SN_RESULTS_FINAL\per_configuration\iWLAN_24GHz_CamAne_SN_BW40MHz\Test_02,iWLAN_24GHz_CamAne_SN_BW40MHz,iPCF2_OFF_iWLAN,C:\Users\rarriaga\Documents\ipcf_2 analisis\ALL_SN_RESULTS_FINAL\per_configuration\iWLAN_24GHz_CamAne_SN_BW40MHz
iWLAN,24GHz,CamAne,SN,40,3,3,PASS,D:\iWLAN_24GHz_CamAne_SN_BW40MHz\Prueba_Siemens2\Test 3,D:\iWLAN_24GHz_CamAne_SN_BW40MHz\Prueba_Siemens2\Test 3\pcap\rep_1.pcap,60.0,120.0,iperf3_udp_sender,OK_UDP_FFMPEG_MATCH,Reference load taken from rate-controlled UDP sender summary (60 Mbps/STA). ffmpeg target=60 Mbps/STA; difference=0.000% <= tolerance 2.000%. TCP is retained as achieved throughput and is not required to match the reference load.,0.0,60.0,60.0,100.0,100.0,60.0,60.0,0.264,0.0,60.0,60.0,120.0,60.0,60.0,60.0,60.0,20,36,C:\Users\rarriaga\Documents\ipcf_2 analisis\ALL_SN_RESULTS_FINAL\per_configuration\iWLAN_24GHz_CamAne_SN_BW40MHz\Test_03,iWLAN_24GHz_CamAne_SN_BW40MHz,iPCF2_OFF_iWLAN,C:\Users\rarriaga\Documents\ipcf_2 analisis\ALL_SN_RESULTS_FINAL\per_configuration\iWLAN_24GHz_CamAne_SN_BW40MHz
iWLAN,24GHz,CamAne,SN,40,4,4,PASS,D:\iWLAN_24GHz_CamAne_SN_BW40MHz\Prueba_Siemens2\Test 4,D:\iWLAN_24GHz_CamAne_SN_BW40MHz\Prueba_Siemens2\Test 4\pcap\rep_1.pcap,80.0,160.0,iperf3_udp_sender,OK_UDP_FFMPEG_MATCH,Reference load taken from rate-controlled UDP sender summary (80 Mbps/STA). ffmpeg target=80 Mbps/STA; difference=0.000% <= tolerance 2.000%. TCP is retained as achieved throughput and is not required to match the reference load.,0.0,80.0,80.0,100.0,100.0,80.0,80.0,0.229,0.0,80.0,80.0,160.0,80.0,80.0,80.0,80.0,20,36,C:\Users\rarriaga\Documents\ipcf_2 analisis\ALL_SN_RESULTS_FINAL\per_configuration\iWLAN_24GHz_CamAne_SN_BW40MHz\Test_04,iWLAN_24GHz_CamAne_SN_BW40MHz,iPCF2_OFF_iWLAN,C:\Users\rarriaga\Documents\ipcf_2 analisis\ALL_SN_RESULTS_FINAL\per_configuration\iWLAN_24GHz_CamAne_SN_BW40MHz
iWLAN,24GHz,CamAne,SN,40,5,5,PASS,D:\iWLAN_24GHz_CamAne_SN_BW40MHz\Prueba_Siemens2\Test 5,D:\iWLAN_24GHz_CamAne_SN_BW40MHz\Prueba_Siemens2\Test 5\pcap\rep_1.pcap,100.0,200.0,iperf3_udp_sender,OK_UDP_FFMPEG_MATCH,Reference load taken from rate-controlled UDP sender summary (100 Mbps/STA). ffmpeg target=100 Mbps/STA; difference=0.000% <= tolerance 2.000%. TCP is retained as achieved throughput and is not required to match the reference load.,0.0,100.0,100.0,100.0,100.0,100.0,100.0,0.152,0.0,100.0,100.0,200.0,100.0,100.0,100.0,100.0,20,36,C:\Users\rarriaga\Documents\ipcf_2 analisis\ALL_SN_RESULTS_FINAL\per_configuration\iWLAN_24GHz_CamAne_SN_BW40MHz\Test_05,iWLAN_24GHz_CamAne_SN_BW40MHz,iPCF2_OFF_iWLAN,C:\Users\rarriaga\Documents\ipcf_2 analisis\ALL_SN_RESULTS_FINAL\per_configuration\iWLAN_24GHz_CamAne_SN_BW40MHz
iWLAN,24GHz,CamAne,SN,40,6,6,PASS,D:\iWLAN_24GHz_CamAne_SN_BW40MHz\Prueba_Siemens2\Test 6,D:\iWLAN_24GHz_CamAne_SN_BW40MHz\Prueba_Siemens2\Test 6\pcap\rep_1.pcap,120.0,240.0,iperf3_udp_sender,OK_UDP_FFMPEG_MATCH,Reference load taken from rate-controlled UDP sender summary (120 Mbps/STA). ffmpeg target=120 Mbps/STA; difference=0.000% <= tolerance 2.000%. TCP is retained as achieved throughput and is not required to match the reference load.,0.0,85.8,85.7,71.5,71.41666666666667,120.0,102.0,0.101,14.0,120.0,120.0,240.0,85.8,85.7,120.0,102.0,20,36,C:\Users\rarriaga\Documents\ipcf_2 analisis\ALL_SN_RESULTS_FINAL\per_configuration\iWLAN_24GHz_CamAne_SN_BW40MHz\Test_06,iWLAN_24GHz_CamAne_SN_BW40MHz,iPCF2_OFF_iWLAN,C:\Users\rarriaga\Documents\ipcf_2 analisis\ALL_SN_RESULTS_FINAL\per_configuration\iWLAN_24GHz_CamAne_SN_BW40MHz
iWLAN,5GHz,CamAne,SN,20,1,1,PASS,D:\iWLAN_5GHz_CamAne_SN_BW20MHz\Prueba_Siemens2\Test 1,D:\iWLAN_5GHz_CamAne_SN_BW20MHz\Prueba_Siemens2\Test 1\pcap\rep_1.pcap,5.0,10.0,iperf3_udp_sender,OK_UDP_FFMPEG_MATCH,Reference load taken from rate-controlled UDP sender summary (5 Mbps/STA). ffmpeg target=5 Mbps/STA; difference=0.000% <= tolerance 2.000%. TCP is retained as achieved throughput and is not required to match the reference load.,0.0,5.0,5.0,100.0,100.0,5.0,5.0,0.451,0.0,5.0,5.0,10.0,5.0,5.0,5.0,5.0,24,36,C:\Users\rarriaga\Documents\ipcf_2 analisis\ALL_SN_RESULTS_FINAL\per_configuration\iWLAN_5GHz_CamAne_SN_BW20MHz\Test_01,iWLAN_5GHz_CamAne_SN_BW20MHz,iPCF2_OFF_iWLAN,C:\Users\rarriaga\Documents\ipcf_2 analisis\ALL_SN_RESULTS_FINAL\per_configuration\iWLAN_5GHz_CamAne_SN_BW20MHz
iWLAN,5GHz,CamAne,SN,20,2,2,PASS,D:\iWLAN_5GHz_CamAne_SN_BW20MHz\Prueba_Siemens2\Test 2,D:\iWLAN_5GHz_CamAne_SN_BW20MHz\Prueba_Siemens2\Test 2\pcap\rep_1.pcap,10.0,20.0,iperf3_udp_sender,OK_UDP_FFMPEG_MATCH,Reference load taken from rate-controlled UDP sender summary (10 Mbps/STA). ffmpeg target=10 Mbps/STA; difference=0.000% <= tolerance 2.000%. TCP is retained as achieved throughput and is not required to match the reference load.,0.0,10.0,10.0,100.0,100.0,10.0,10.0,0.232,0.0,10.0,10.0,20.0,10.0,10.0,10.0,10.0,20,36,C:\Users\rarriaga\Documents\ipcf_2 analisis\ALL_SN_RESULTS_FINAL\per_configuration\iWLAN_5GHz_CamAne_SN_BW20MHz\Test_02,iWLAN_5GHz_CamAne_SN_BW20MHz,iPCF2_OFF_iWLAN,C:\Users\rarriaga\Documents\ipcf_2 analisis\ALL_SN_RESULTS_FINAL\per_configuration\iWLAN_5GHz_CamAne_SN_BW20MHz
iWLAN,5GHz,CamAne,SN,20,3,3,PASS,D:\iWLAN_5GHz_CamAne_SN_BW20MHz\Prueba_Siemens2\Test 3,D:\iWLAN_5GHz_CamAne_SN_BW20MHz\Prueba_Siemens2\Test 3\pcap\rep_1.pcap,15.0,30.0,iperf3_udp_sender,OK_UDP_FFMPEG_MATCH,Reference load taken from rate-controlled UDP sender summary (15 Mbps/STA). ffmpeg target=15 Mbps/STA; difference=0.000% <= tolerance 2.000%. TCP is retained as achieved throughput and is not required to match the reference load.,0.0,15.0,15.0,100.0,100.0,15.0,15.0,0.366,0.0,15.0,15.0,30.0,15.0,15.0,15.0,15.0,20,36,C:\Users\rarriaga\Documents\ipcf_2 analisis\ALL_SN_RESULTS_FINAL\per_configuration\iWLAN_5GHz_CamAne_SN_BW20MHz\Test_03,iWLAN_5GHz_CamAne_SN_BW20MHz,iPCF2_OFF_iWLAN,C:\Users\rarriaga\Documents\ipcf_2 analisis\ALL_SN_RESULTS_FINAL\per_configuration\iWLAN_5GHz_CamAne_SN_BW20MHz
iWLAN,5GHz,CamAne,SN,20,5,5,PASS,D:\iWLAN_5GHz_CamAne_SN_BW20MHz\Prueba_Siemens2\Test 5,D:\iWLAN_5GHz_CamAne_SN_BW20MHz\Prueba_Siemens2\Test 5\pcap\rep_1.pcap,25.0,50.0,iperf3_udp_sender,OK_UDP_FFMPEG_MATCH,Reference load taken from rate-controlled UDP sender summary (25 Mbps/STA). ffmpeg target=25 Mbps/STA; difference=0.000% <= tolerance 2.000%. TCP is retained as achieved throughput and is not required to match the reference load.,0.0,25.0,25.0,100.0,100.0,25.0,25.0,0.497,0.0,25.0,25.0,50.0,25.0,25.0,25.0,25.0,20,36,C:\Users\rarriaga\Documents\ipcf_2 analisis\ALL_SN_RESULTS_FINAL\per_configuration\iWLAN_5GHz_CamAne_SN_BW20MHz\Test_05,iWLAN_5GHz_CamAne_SN_BW20MHz,iPCF2_OFF_iWLAN,C:\Users\rarriaga\Documents\ipcf_2 analisis\ALL_SN_RESULTS_FINAL\per_configuration\iWLAN_5GHz_CamAne_SN_BW20MHz
iWLAN,5GHz,CamAne,SN,20,6,6,PASS,D:\iWLAN_5GHz_CamAne_SN_BW20MHz\Prueba_Siemens2\Test 6,D:\iWLAN_5GHz_CamAne_SN_BW20MHz\Prueba_Siemens2\Test 6\pcap\rep_1.pcap,30.0,60.0,iperf3_udp_sender,OK_UDP_FFMPEG_MATCH,Reference load taken from rate-controlled UDP sender summary (30 Mbps/STA). ffmpeg target=30 Mbps/STA; difference=0.000% <= tolerance 2.000%. TCP is retained as achieved throughput and is not required to match the reference load.,0.0,30.0,30.0,100.0,100.0,30.0,30.0,0.394,0.0,30.0,30.0,60.0,30.0,30.0,30.0,30.0,20,36,C:\Users\rarriaga\Documents\ipcf_2 analisis\ALL_SN_RESULTS_FINAL\per_configuration\iWLAN_5GHz_CamAne_SN_BW20MHz\Test_06,iWLAN_5GHz_CamAne_SN_BW20MHz,iPCF2_OFF_iWLAN,C:\Users\rarriaga\Documents\ipcf_2 analisis\ALL_SN_RESULTS_FINAL\per_configuration\iWLAN_5GHz_CamAne_SN_BW20MHz
iWLAN,5GHz,CamAne,SN,20,7,7,PASS,D:\iWLAN_5GHz_CamAne_SN_BW20MHz\Prueba_Siemens2\Test 7,D:\iWLAN_5GHz_CamAne_SN_BW20MHz\Prueba_Siemens2\Test 7\pcap\rep_1.pcap,35.0,70.0,iperf3_udp_sender,OK_UDP_FFMPEG_MATCH,Reference load taken from rate-controlled UDP sender summary (35 Mbps/STA). ffmpeg target=35 Mbps/STA; difference=0.000% <= tolerance 2.000%. TCP is retained as achieved throughput and is not required to match the reference load.,0.0,35.0,35.0,100.0,100.0,35.0,35.0,0.471,0.0,35.0,35.0,70.0,35.0,35.0,35.0,35.0,20,36,C:\Users\rarriaga\Documents\ipcf_2 analisis\ALL_SN_RESULTS_FINAL\per_configuration\iWLAN_5GHz_CamAne_SN_BW20MHz\Test_07,iWLAN_5GHz_CamAne_SN_BW20MHz,iPCF2_OFF_iWLAN,C:\Users\rarriaga\Documents\ipcf_2 analisis\ALL_SN_RESULTS_FINAL\per_configuration\iWLAN_5GHz_CamAne_SN_BW20MHz
iWLAN,5GHz,CamAne,SN,20,8,8,PASS,D:\iWLAN_5GHz_CamAne_SN_BW20MHz\Prueba_Siemens2\Test 8,D:\iWLAN_5GHz_CamAne_SN_BW20MHz\Prueba_Siemens2\Test 8\pcap\rep_1.pcap,40.0,80.0,iperf3_udp_sender,OK_UDP_FFMPEG_MATCH,Reference load taken from rate-controlled UDP sender summary (40 Mbps/STA). ffmpeg target=40 Mbps/STA; difference=0.000% <= tolerance 2.000%. TCP is retained as achieved throughput and is not required to match the reference load.,0.0,40.0,40.0,100.0,100.0,40.0,40.0,0.358,0.0,40.0,40.0,80.0,40.0,40.0,40.0,40.0,20,36,C:\Users\rarriaga\Documents\ipcf_2 analisis\ALL_SN_RESULTS_FINAL\per_configuration\iWLAN_5GHz_CamAne_SN_BW20MHz\Test_08,iWLAN_5GHz_CamAne_SN_BW20MHz,iPCF2_OFF_iWLAN,C:\Users\rarriaga\Documents\ipcf_2 analisis\ALL_SN_RESULTS_FINAL\per_configuration\iWLAN_5GHz_CamAne_SN_BW20MHz
iWLAN,5GHz,CamAne,SN,20,9,9,PASS,D:\iWLAN_5GHz_CamAne_SN_BW20MHz\Prueba_Siemens2\Test 9,D:\iWLAN_5GHz_CamAne_SN_BW20MHz\Prueba_Siemens2\Test 9\pcap\rep_1.pcap,45.0,90.0,iperf3_udp_sender,OK_UDP_FFMPEG_MATCH,Reference load taken from rate-controlled UDP sender summary (45 Mbps/STA). ffmpeg target=45 Mbps/STA; difference=0.000% <= tolerance 2.000%. TCP is retained as achieved throughput and is not required to match the reference load.,0.0,45.0,45.0,100.0,100.0,45.0,45.0,0.263,0.0,45.0,45.0,90.0,45.0,45.0,45.0,45.0,20,36,C:\Users\rarriaga\Documents\ipcf_2 analisis\ALL_SN_RESULTS_FINAL\per_configuration\iWLAN_5GHz_CamAne_SN_BW20MHz\Test_09,iWLAN_5GHz_CamAne_SN_BW20MHz,iPCF2_OFF_iWLAN,C:\Users\rarriaga\Documents\ipcf_2 analisis\ALL_SN_RESULTS_FINAL\per_configuration\iWLAN_5GHz_CamAne_SN_BW20MHz
iWLAN,5GHz,CamAne,SN,20,10,10,PASS,D:\iWLAN_5GHz_CamAne_SN_BW20MHz\Prueba_Siemens2\Test 10,D:\iWLAN_5GHz_CamAne_SN_BW20MHz\Prueba_Siemens2\Test 10\pcap\rep_1.pcap,50.0,100.0,iperf3_udp_sender,OK_UDP_FFMPEG_MATCH,Reference load taken from rate-controlled UDP sender summary (50 Mbps/STA). ffmpeg target=50 Mbps/STA; difference=0.000% <= tolerance 2.000%. TCP is retained as achieved throughput and is not required to match the reference load.,0.0,50.0,50.0,100.0,100.0,50.0,50.0,0.274,0.00039,50.0,50.0,100.0,50.0,50.0,50.0,50.0,20,36,C:\Users\rarriaga\Documents\ipcf_2 analisis\ALL_SN_RESULTS_FINAL\per_configuration\iWLAN_5GHz_CamAne_SN_BW20MHz\Test_10,iWLAN_5GHz_CamAne_SN_BW20MHz,iPCF2_OFF_iWLAN,C:\Users\rarriaga\Documents\ipcf_2 analisis\ALL_SN_RESULTS_FINAL\per_configuration\iWLAN_5GHz_CamAne_SN_BW20MHz
iWLAN,5GHz,CamAne,SN,40,1,1,PASS,D:\iWLAN_5GHz_CamAne_SN_BW40MHz\Prueba_Siemens2\Test 1,D:\iWLAN_5GHz_CamAne_SN_BW40MHz\Prueba_Siemens2\Test 1\pcap\rep_1.pcap,10.0,20.0,iperf3_udp_sender,OK_UDP_FFMPEG_MATCH,Reference load taken from rate-controlled UDP sender summary (10 Mbps/STA). ffmpeg target=10 Mbps/STA; difference=0.000% <= tolerance 2.000%. TCP is retained as achieved throughput and is not required to match the reference load.,0.0,10.0,10.0,100.0,100.0,10.0,10.0,0.364,0.0,10.0,10.0,20.0,10.0,10.0,10.0,10.0,24,36,C:\Users\rarriaga\Documents\ipcf_2 analisis\ALL_SN_RESULTS_FINAL\per_configuration\iWLAN_5GHz_CamAne_SN_BW40MHz\Test_01,iWLAN_5GHz_CamAne_SN_BW40MHz,iPCF2_OFF_iWLAN,C:\Users\rarriaga\Documents\ipcf_2 analisis\ALL_SN_RESULTS_FINAL\per_configuration\iWLAN_5GHz_CamAne_SN_BW40MHz
iWLAN,5GHz,CamAne,SN,40,2,2,PASS,D:\iWLAN_5GHz_CamAne_SN_BW40MHz\Prueba_Siemens2\Test 2,D:\iWLAN_5GHz_CamAne_SN_BW40MHz\Prueba_Siemens2\Test 2\pcap\rep_1.pcap,20.0,40.0,iperf3_udp_sender,OK_UDP_FFMPEG_MATCH,Reference load taken from rate-controlled UDP sender summary (20 Mbps/STA). ffmpeg target=20 Mbps/STA; difference=0.000% <= tolerance 2.000%. TCP is retained as achieved throughput and is not required to match the reference load.,0.0,20.0,20.0,100.0,100.0,20.0,20.0,0.354,0.0,20.0,20.0,40.0,20.0,20.0,20.0,20.0,20,36,C:\Users\rarriaga\Documents\ipcf_2 analisis\ALL_SN_RESULTS_FINAL\per_configuration\iWLAN_5GHz_CamAne_SN_BW40MHz\Test_02,iWLAN_5GHz_CamAne_SN_BW40MHz,iPCF2_OFF_iWLAN,C:\Users\rarriaga\Documents\ipcf_2 analisis\ALL_SN_RESULTS_FINAL\per_configuration\iWLAN_5GHz_CamAne_SN_BW40MHz
iWLAN,5GHz,CamAne,SN,40,3,3,PASS,D:\iWLAN_5GHz_CamAne_SN_BW40MHz\Prueba_Siemens2\Test 3,D:\iWLAN_5GHz_CamAne_SN_BW40MHz\Prueba_Siemens2\Test 3\pcap\rep_1.pcap,30.0,60.0,iperf3_udp_sender,OK_UDP_FFMPEG_MATCH,Reference load taken from rate-controlled UDP sender summary (30 Mbps/STA). ffmpeg target=30 Mbps/STA; difference=0.000% <= tolerance 2.000%. TCP is retained as achieved throughput and is not required to match the reference load.,0.0,30.0,30.0,100.0,100.0,30.0,30.0,0.428,0.0,30.0,30.0,60.0,30.0,30.0,30.0,30.0,20,36,C:\Users\rarriaga\Documents\ipcf_2 analisis\ALL_SN_RESULTS_FINAL\per_configuration\iWLAN_5GHz_CamAne_SN_BW40MHz\Test_03,iWLAN_5GHz_CamAne_SN_BW40MHz,iPCF2_OFF_iWLAN,C:\Users\rarriaga\Documents\ipcf_2 analisis\ALL_SN_RESULTS_FINAL\per_configuration\iWLAN_5GHz_CamAne_SN_BW40MHz
iWLAN,5GHz,CamAne,SN,40,4,4,PASS,D:\iWLAN_5GHz_CamAne_SN_BW40MHz\Prueba_Siemens2\Test 4,D:\iWLAN_5GHz_CamAne_SN_BW40MHz\Prueba_Siemens2\Test 4\pcap\rep_1.pcap,40.0,80.0,iperf3_udp_sender,OK_UDP_FFMPEG_MATCH,Reference load taken from rate-controlled UDP sender summary (40 Mbps/STA). ffmpeg target=40 Mbps/STA; difference=0.000% <= tolerance 2.000%. TCP is retained as achieved throughput and is not required to match the reference load.,0.0,40.0,40.0,100.0,100.0,40.0,40.0,0.38,0.0,40.0,40.0,80.0,40.0,40.0,40.0,40.0,20,36,C:\Users\rarriaga\Documents\ipcf_2 analisis\ALL_SN_RESULTS_FINAL\per_configuration\iWLAN_5GHz_CamAne_SN_BW40MHz\Test_04,iWLAN_5GHz_CamAne_SN_BW40MHz,iPCF2_OFF_iWLAN,C:\Users\rarriaga\Documents\ipcf_2 analisis\ALL_SN_RESULTS_FINAL\per_configuration\iWLAN_5GHz_CamAne_SN_BW40MHz
iWLAN,5GHz,CamAne,SN,40,5,5,PASS,D:\iWLAN_5GHz_CamAne_SN_BW40MHz\Prueba_Siemens2\Test 5,D:\iWLAN_5GHz_CamAne_SN_BW40MHz\Prueba_Siemens2\Test 5\pcap\rep_1.pcap,50.0,100.0,iperf3_udp_sender,OK_UDP_FFMPEG_MATCH,Reference load taken from rate-controlled UDP sender summary (50 Mbps/STA). ffmpeg target=50 Mbps/STA; difference=0.000% <= tolerance 2.000%. TCP is retained as achieved throughput and is not required to match the reference load.,0.0,50.0,50.0,100.0,100.0,50.0,50.0,0.332,0.0,50.0,50.0,100.0,50.0,50.0,50.0,50.0,20,36,C:\Users\rarriaga\Documents\ipcf_2 analisis\ALL_SN_RESULTS_FINAL\per_configuration\iWLAN_5GHz_CamAne_SN_BW40MHz\Test_05,iWLAN_5GHz_CamAne_SN_BW40MHz,iPCF2_OFF_iWLAN,C:\Users\rarriaga\Documents\ipcf_2 analisis\ALL_SN_RESULTS_FINAL\per_configuration\iWLAN_5GHz_CamAne_SN_BW40MHz
iWLAN,5GHz,CamAne,SN,40,6,6,PASS,D:\iWLAN_5GHz_CamAne_SN_BW40MHz\Prueba_Siemens2\Test 6,D:\iWLAN_5GHz_CamAne_SN_BW40MHz\Prueba_Siemens2\Test 6\pcap\rep_1.pcap,60.0,120.0,iperf3_udp_sender,OK_UDP_FFMPEG_MATCH,Reference load taken from rate-controlled UDP sender summary (60 Mbps/STA). ffmpeg target=60 Mbps/STA; difference=0.000% <= tolerance 2.000%. TCP is retained as achieved throughput and is not required to match the reference load.,0.0,60.0,60.0,100.0,100.0,60.0,60.0,0.29,0.0,60.0,60.0,120.0,60.0,60.0,60.0,60.0,20,36,C:\Users\rarriaga\Documents\ipcf_2 analisis\ALL_SN_RESULTS_FINAL\per_configuration\iWLAN_5GHz_CamAne_SN_BW40MHz\Test_06,iWLAN_5GHz_CamAne_SN_BW40MHz,iPCF2_OFF_iWLAN,C:\Users\rarriaga\Documents\ipcf_2 analisis\ALL_SN_RESULTS_FINAL\per_configuration\iWLAN_5GHz_CamAne_SN_BW40MHz
iWLAN,5GHz,CamAne,SN,40,8,8,PASS,D:\iWLAN_5GHz_CamAne_SN_BW40MHz\Prueba_Siemens2\Test 8,D:\iWLAN_5GHz_CamAne_SN_BW40MHz\Prueba_Siemens2\Test 8\pcap\rep_1.pcap,80.0,160.0,iperf3_udp_sender,OK_UDP_FFMPEG_MATCH,Reference load taken from rate-controlled UDP sender summary (80 Mbps/STA). ffmpeg target=80 Mbps/STA; difference=0.000% <= tolerance 2.000%. TCP is retained as achieved throughput and is not required to match the reference load.,0.0,80.0,80.0,100.0,100.0,80.0,80.0,0.211,0.0,80.0,80.0,160.0,80.0,80.0,80.0,80.0,20,36,C:\Users\rarriaga\Documents\ipcf_2 analisis\ALL_SN_RESULTS_FINAL\per_configuration\iWLAN_5GHz_CamAne_SN_BW40MHz\Test_08,iWLAN_5GHz_CamAne_SN_BW40MHz,iPCF2_OFF_iWLAN,C:\Users\rarriaga\Documents\ipcf_2 analisis\ALL_SN_RESULTS_FINAL\per_configuration\iWLAN_5GHz_CamAne_SN_BW40MHz
iWLAN,5GHz,CamAne,SN,40,9,9,PASS,D:\iWLAN_5GHz_CamAne_SN_BW40MHz\Prueba_Siemens2\Test 9,D:\iWLAN_5GHz_CamAne_SN_BW40MHz\Prueba_Siemens2\Test 9\pcap\rep_1.pcap,90.0,180.0,iperf3_udp_sender,OK_UDP_FFMPEG_MATCH,Reference load taken from rate-controlled UDP sender summary (90 Mbps/STA). ffmpeg target=90 Mbps/STA; difference=0.000% <= tolerance 2.000%. TCP is retained as achieved throughput and is not required to match the reference load.,0.0,90.0,90.0,100.0,100.0,90.0,90.0,0.155,0.00021,90.0,90.0,180.0,90.0,90.0,90.0,90.0,20,36,C:\Users\rarriaga\Documents\ipcf_2 analisis\ALL_SN_RESULTS_FINAL\per_configuration\iWLAN_5GHz_CamAne_SN_BW40MHz\Test_09,iWLAN_5GHz_CamAne_SN_BW40MHz,iPCF2_OFF_iWLAN,C:\Users\rarriaga\Documents\ipcf_2 analisis\ALL_SN_RESULTS_FINAL\per_configuration\iWLAN_5GHz_CamAne_SN_BW40MHz
iWLAN,5GHz,CamAne,SN,40,10,10,PASS,D:\iWLAN_5GHz_CamAne_SN_BW40MHz\Prueba_Siemens2\Test 10,D:\iWLAN_5GHz_CamAne_SN_BW40MHz\Prueba_Siemens2\Test 10\pcap\rep_1.pcap,120.0,240.0,iperf3_udp_sender,OK_UDP_FFMPEG_MATCH,Reference load taken from rate-controlled UDP sender summary (120 Mbps/STA). ffmpeg target=120 Mbps/STA; difference=0.000% <= tolerance 2.000%. TCP is retained as achieved throughput and is not required to match the reference load.,0.0,96.9,96.8,80.75,80.66666666666667,120.0,112.0,0.106,6.5,120.0,120.0,240.0,96.9,96.8,120.0,112.0,16,30,C:\Users\rarriaga\Documents\ipcf_2 analisis\ALL_SN_RESULTS_FINAL\per_configuration\iWLAN_5GHz_CamAne_SN_BW40MHz\Test_10,iWLAN_5GHz_CamAne_SN_BW40MHz,iPCF2_OFF_iWLAN,C:\Users\rarriaga\Documents\ipcf_2 analisis\ALL_SN_RESULTS_FINAL\per_configuration\iWLAN_5GHz_CamAne_SN_BW40MHz
iWLAN,5GHz,CamAne,SN,80,1,1,PASS,D:\iWLAN_5GHz_CamAne_SN_BW80MHz\Prueba_Siemens2\Test 1,D:\iWLAN_5GHz_CamAne_SN_BW80MHz\Prueba_Siemens2\Test 1\pcap\rep_1.pcap,20.0,40.0,iperf3_udp_sender,OK_UDP_FFMPEG_MATCH,Reference load taken from rate-controlled UDP sender summary (20 Mbps/STA). ffmpeg target=20 Mbps/STA; difference=0.000% <= tolerance 2.000%. TCP is retained as achieved throughput and is not required to match the reference load.,0.0,20.0,20.0,100.0,100.0,20.0,20.0,0.312,0.0,20.0,20.0,40.0,20.0,20.0,20.0,20.0,24,36,C:\Users\rarriaga\Documents\ipcf_2 analisis\ALL_SN_RESULTS_FINAL\per_configuration\iWLAN_5GHz_CamAne_SN_BW80MHz\Test_01,iWLAN_5GHz_CamAne_SN_BW80MHz,iPCF2_OFF_iWLAN,C:\Users\rarriaga\Documents\ipcf_2 analisis\ALL_SN_RESULTS_FINAL\per_configuration\iWLAN_5GHz_CamAne_SN_BW80MHz
iWLAN,5GHz,CamAne,SN,80,2,2,PASS,D:\iWLAN_5GHz_CamAne_SN_BW80MHz\Prueba_Siemens2\Test 2,D:\iWLAN_5GHz_CamAne_SN_BW80MHz\Prueba_Siemens2\Test 2\pcap\rep_1.pcap,40.0,80.0,iperf3_udp_sender,OK_UDP_FFMPEG_MATCH,Reference load taken from rate-controlled UDP sender summary (40 Mbps/STA). ffmpeg target=40 Mbps/STA; difference=0.000% <= tolerance 2.000%. TCP is retained as achieved throughput and is not required to match the reference load.,0.0,40.0,40.0,100.0,100.0,40.0,40.0,0.363,0.0,40.0,40.0,80.0,40.0,40.0,40.0,40.0,20,36,C:\Users\rarriaga\Documents\ipcf_2 analisis\ALL_SN_RESULTS_FINAL\per_configuration\iWLAN_5GHz_CamAne_SN_BW80MHz\Test_02,iWLAN_5GHz_CamAne_SN_BW80MHz,iPCF2_OFF_iWLAN,C:\Users\rarriaga\Documents\ipcf_2 analisis\ALL_SN_RESULTS_FINAL\per_configuration\iWLAN_5GHz_CamAne_SN_BW80MHz
iWLAN,5GHz,CamAne,SN,80,3,3,PASS,D:\iWLAN_5GHz_CamAne_SN_BW80MHz\Prueba_Siemens2\Test 3,D:\iWLAN_5GHz_CamAne_SN_BW80MHz\Prueba_Siemens2\Test 3\pcap\rep_1.pcap,60.0,120.0,iperf3_udp_sender,OK_UDP_FFMPEG_MATCH,Reference load taken from rate-controlled UDP sender summary (60 Mbps/STA). ffmpeg target=60 Mbps/STA; difference=0.000% <= tolerance 2.000%. TCP is retained as achieved throughput and is not required to match the reference load.,0.0,60.0,60.0,100.0,100.0,60.0,60.0,0.281,0.0,60.0,60.0,120.0,60.0,60.0,60.0,60.0,20,36,C:\Users\rarriaga\Documents\ipcf_2 analisis\ALL_SN_RESULTS_FINAL\per_configuration\iWLAN_5GHz_CamAne_SN_BW80MHz\Test_03,iWLAN_5GHz_CamAne_SN_BW80MHz,iPCF2_OFF_iWLAN,C:\Users\rarriaga\Documents\ipcf_2 analisis\ALL_SN_RESULTS_FINAL\per_configuration\iWLAN_5GHz_CamAne_SN_BW80MHz
iWLAN,5GHz,CamAne,SN,80,4,4,PASS,D:\iWLAN_5GHz_CamAne_SN_BW80MHz\Prueba_Siemens2\Test 4,D:\iWLAN_5GHz_CamAne_SN_BW80MHz\Prueba_Siemens2\Test 4\pcap\rep_1.pcap,80.0,160.0,iperf3_udp_sender,OK_UDP_FFMPEG_MATCH,Reference load taken from rate-controlled UDP sender summary (80 Mbps/STA). ffmpeg target=80 Mbps/STA; difference=0.000% <= tolerance 2.000%. TCP is retained as achieved throughput and is not required to match the reference load.,0.0,80.0,80.0,100.0,100.0,80.0,80.0,0.209,0.0,80.0,80.0,160.0,80.0,80.0,80.0,80.0,20,36,C:\Users\rarriaga\Documents\ipcf_2 analisis\ALL_SN_RESULTS_FINAL\per_configuration\iWLAN_5GHz_CamAne_SN_BW80MHz\Test_04,iWLAN_5GHz_CamAne_SN_BW80MHz,iPCF2_OFF_iWLAN,C:\Users\rarriaga\Documents\ipcf_2 analisis\ALL_SN_RESULTS_FINAL\per_configuration\iWLAN_5GHz_CamAne_SN_BW80MHz
iWLAN,5GHz,CamAne,SN,80,5,5,PASS,D:\iWLAN_5GHz_CamAne_SN_BW80MHz\Prueba_Siemens2\Test 5,D:\iWLAN_5GHz_CamAne_SN_BW80MHz\Prueba_Siemens2\Test 5\pcap\rep_1.pcap,100.0,200.0,iperf3_udp_sender,OK_UDP_FFMPEG_MATCH,Reference load taken from rate-controlled UDP sender summary (100 Mbps/STA). ffmpeg target=100 Mbps/STA; difference=0.000% <= tolerance 2.000%. TCP is retained as achieved throughput and is not required to match the reference load.,0.0,100.0,100.0,100.0,100.0,100.0,100.0,0.175,0.0,100.0,100.0,200.0,100.0,100.0,100.0,100.0,20,36,C:\Users\rarriaga\Documents\ipcf_2 analisis\ALL_SN_RESULTS_FINAL\per_configuration\iWLAN_5GHz_CamAne_SN_BW80MHz\Test_05,iWLAN_5GHz_CamAne_SN_BW80MHz,iPCF2_OFF_iWLAN,C:\Users\rarriaga\Documents\ipcf_2 analisis\ALL_SN_RESULTS_FINAL\per_configuration\iWLAN_5GHz_CamAne_SN_BW80MHz
iWLAN,5GHz,CamAne,SN,80,7,7,PASS,D:\iWLAN_5GHz_CamAne_SN_BW80MHz\Prueba_Siemens2\Test 7,D:\iWLAN_5GHz_CamAne_SN_BW80MHz\Prueba_Siemens2\Test 7\pcap\rep_1.pcap,70.0,140.0,iperf3_udp_sender,OK_UDP_FFMPEG_MATCH,Reference load taken from rate-controlled UDP sender summary (70 Mbps/STA). ffmpeg target=70 Mbps/STA; difference=0.000% <= tolerance 2.000%. TCP is retained as achieved throughput and is not required to match the reference load.,0.0,70.0,70.0,100.0,100.0,70.0,70.0,0.233,0.0,70.0,70.0,140.0,70.0,70.0,70.0,70.0,20,36,C:\Users\rarriaga\Documents\ipcf_2 analisis\ALL_SN_RESULTS_FINAL\per_configuration\iWLAN_5GHz_CamAne_SN_BW80MHz\Test_07,iWLAN_5GHz_CamAne_SN_BW80MHz,iPCF2_OFF_iWLAN,C:\Users\rarriaga\Documents\ipcf_2 analisis\ALL_SN_RESULTS_FINAL\per_configuration\iWLAN_5GHz_CamAne_SN_BW80MHz
iWLAN,5GHz,Lab,SN,20,1,1,PASS,D:\iWLAN_5GHz_Lab_SN_BW20MHz\Prueba_Siemens2\Test 1,D:\iWLAN_5GHz_Lab_SN_BW20MHz\Prueba_Siemens2\Test 1\pcap\rep_1.pcap,20.0,40.0,iperf3_udp_sender,OK_UDP_FFMPEG_MATCH,Reference load taken from rate-controlled UDP sender summary (20 Mbps/STA). ffmpeg target=20 Mbps/STA; difference=0.000% <= tolerance 2.000%. TCP is retained as achieved throughput and is not required to match the reference load.,0.0,20.0,20.0,100.0,100.0,20.0,20.0,0.309,0.0,20.0,20.0,40.0,20.0,20.0,20.0,20.0,24,36,C:\Users\rarriaga\Documents\ipcf_2 analisis\ALL_SN_RESULTS_FINAL\per_configuration\iWLAN_5GHz_Lab_SN_BW20MHz\Test_01,iWLAN_5GHz_Lab_SN_BW20MHz,iPCF2_OFF_iWLAN,C:\Users\rarriaga\Documents\ipcf_2 analisis\ALL_SN_RESULTS_FINAL\per_configuration\iWLAN_5GHz_Lab_SN_BW20MHz
iWLAN,5GHz,Lab,SN,20,2,2,PASS,D:\iWLAN_5GHz_Lab_SN_BW20MHz\Prueba_Siemens2\Test 2,D:\iWLAN_5GHz_Lab_SN_BW20MHz\Prueba_Siemens2\Test 2\pcap\rep_1.pcap,50.0,100.0,iperf3_udp_sender,OK_UDP_FFMPEG_MATCH,Reference load taken from rate-controlled UDP sender summary (50 Mbps/STA). ffmpeg target=50 Mbps/STA; difference=0.000% <= tolerance 2.000%. TCP is retained as achieved throughput and is not required to match the reference load.,0.0,44.2,44.1,88.4,88.2,50.0,49.6,0.229,0.62,50.0,50.0,100.0,44.2,44.1,50.0,49.6,20,36,C:\Users\rarriaga\Documents\ipcf_2 analisis\ALL_SN_RESULTS_FINAL\per_configuration\iWLAN_5GHz_Lab_SN_BW20MHz\Test_02,iWLAN_5GHz_Lab_SN_BW20MHz,iPCF2_OFF_iWLAN,C:\Users\rarriaga\Documents\ipcf_2 analisis\ALL_SN_RESULTS_FINAL\per_configuration\iWLAN_5GHz_Lab_SN_BW20MHz
iWLAN,5GHz,Lab,SN,40,2,2,PASS,D:\iWLAN_5GHz_Lab_SN_BW40MHz\Prueba_Siemens2\Test 2,D:\iWLAN_5GHz_Lab_SN_BW40MHz\Prueba_Siemens2\Test 2\pcap\rep_1.pcap,120.0,240.0,iperf3_udp_sender,OK_UDP_FFMPEG_MATCH,Reference load taken from rate-controlled UDP sender summary (120 Mbps/STA). ffmpeg target=120 Mbps/STA; difference=0.000% <= tolerance 2.000%. TCP is retained as achieved throughput and is not required to match the reference load.,0.0,120.0,120.0,100.0,100.0,120.0,106.0,0.098,11.0,120.0,120.0,240.0,120.0,120.0,120.0,106.0,20,36,C:\Users\rarriaga\Documents\ipcf_2 analisis\ALL_SN_RESULTS_FINAL\per_configuration\iWLAN_5GHz_Lab_SN_BW40MHz\Test_02,iWLAN_5GHz_Lab_SN_BW40MHz,iPCF2_OFF_iWLAN,C:\Users\rarriaga\Documents\ipcf_2 analisis\ALL_SN_RESULTS_FINAL\per_configuration\iWLAN_5GHz_Lab_SN_BW40MHz
